tipSampleSeparation,vDeflection,height,smoothedMeasuredHeight,measuredHeight,seriesTime,time
-2.820013e-08,9.563815e-10,7.858877e-06,-3.2797224e-08,-3.167687e-08,0.1707,0.0005
-2.8297201e-08,9.615277e-10,7.858796e-06,-3.2813595e-08,-3.179265e-08,0.1717,0.0015
-2.8459903e-08,9.830352e-10,7.85873e-06,-3.2829966e-08,-3.2033537e-08,0.1727,0.0025
-2.8578988e-08,9.805372e-10,7.858681e-06,-3.2846337e-08,-3.2143543e-08,0.1737,0.0035
-2.8734668e-08,9.911386e-10,7.8586445e-06,-3.2862708e-08,-3.233776e-08,0.1747,0.0045
-2.8730902e-08,1.000732e-09,7.858616e-06,-3.287908e-08,-3.236887e-08,0.1757,0.0055
-2.8775585e-08,1.0046394e-09,7.858611e-06,-3.289454e-08,-3.2427756e-08,0.1767,0.0065
-2.8926475e-08,1.0110598e-09,7.858599e-06,-3.2910002e-08,-3.260199e-08,0.1777,0.0075
-2.9033654e-08,1.0046235e-09,7.8585945e-06,-3.2925463e-08,-3.2685765e-08,0.1787,0.0085
-2.9070227e-08,1.0141852e-09,7.8585945e-06,-3.2940925e-08,-3.27571e-08,0.1797,0.0095
-2.9199779e-08,9.999431e-10,7.8585845e-06,-3.2956386e-08,-3.283488e-08,0.1807,0.0105
-2.9298041e-08,1.0055555e-09,7.858571e-06,-3.2970938e-08,-3.2953544e-08,0.1817,0.0115
-2.9232202e-08,1.0234215e-09,7.858576e-06,-3.298549e-08,-3.2952652e-08,0.1827,0.0125
-2.9388268e-08,1.0103842e-09,7.858587e-06,-3.3000042e-08,-3.3061323e-08,0.1837,0.0135
-2.9340802e-08,1.0060813e-09,7.858581e-06,-3.3013684e-08,-3.2998216e-08,0.1847,0.0145
-2.9420944e-08,1.0163738e-09,7.8585845e-06,-3.3028236e-08,-3.3115775e-08,0.1857,0.0155
-2.9559992e-08,1.0078924e-09,7.8585845e-06,-3.304188e-08,-3.3223987e-08,0.1867,0.0165
-2.9513277e-08,1.0036275e-09,7.8585745e-06,-3.305552e-08,-3.316177e-08,0.1877,0.0175
-2.9535272e-08,1.015304e-09,7.858574e-06,-3.3069163e-08,-3.322621e-08,0.1887,0.0185
-2.9538759e-08,1.0197234e-09,7.858585e-06,-3.3082806e-08,-3.3245765e-08,0.1897,0.0195
-2.9527978e-08,1.014866e-09,7.858593e-06,-3.309554e-08,-3.3217326e-08,0.1907,0.0205
-2.9632924e-08,1.0220634e-09,7.858607e-06,-3.310827e-08,-3.3348435e-08,0.1917,0.0215
-2.9778178e-08,1.0260586e-09,7.858624e-06,-3.3121005e-08,-3.3508215e-08,0.1927,0.0225
-2.972011e-08,1.0237552e-09,7.858648e-06,-3.3133738e-08,-3.3441776e-08,0.1937,0.0235
-2.9738908e-08,1.0227393e-09,7.858667e-06,-3.314647e-08,-3.3456878e-08,0.1947,0.0245
-2.9730687e-08,1.0363103e-09,7.858701e-06,-3.3158294e-08,-3.3497994e-08,0.1957,0.0255
-2.9714405e-08,1.0270351e-09,7.858733e-06,-3.3170117e-08,-3.3447993e-08,0.1967,0.0265
-2.9825795e-08,1.0340503e-09,7.858763e-06,-3.318285e-08,-3.3584886e-08,0.1977,0.0275
-2.9663793e-08,1.0386353e-09,7.858804e-06,-3.3193764e-08,-3.343955e-08,0.1987,0.0285
-2.97002e-08,1.0325932e-09,7.858844e-06,-3.3205588e-08,-3.3453993e-08,0.1997,0.0295
-2.9713311e-08,1.0321655e-09,7.858881e-06,-3.321741e-08,-3.346555e-08,0.2007,0.0305
-2.9794498e-08,1.0262167e-09,7.858912e-06,-3.3228325e-08,-3.3525108e-08,0.2017,0.0315
-2.975871e-08,1.0325751e-09,7.858938e-06,-3.323924e-08,-3.3512435e-08,0.2027,0.0325
-2.9873267e-08,1.0297946e-09,7.858972e-06,-3.3250153e-08,-3.3616885e-08,0.2037,0.0335
-2.9706287e-08,1.0370944e-09,7.85901e-06,-3.3261067e-08,-3.3476443e-08,0.2047,0.0345
-2.9827238e-08,1.0273558e-09,7.859043e-06,-3.327198e-08,-3.3561992e-08,0.2057,0.0355
-2.9854675e-08,1.0140624e-09,7.859062e-06,-3.3281985e-08,-3.3541102e-08,0.2067,0.0365
-2.9845953e-08,1.031377e-09,7.859079e-06,-3.329199e-08,-3.3595324e-08,0.2077,0.0375
-2.981933e-08,1.0247014e-09,7.859109e-06,-3.3302904e-08,-3.3544435e-08,0.2087,0.0385
-2.9809918e-08,1.0286365e-09,7.859131e-06,-3.3312908e-08,-3.3549327e-08,0.2097,0.0395
-2.9870414e-08,1.0248339e-09,7.859158e-06,-3.3322003e-08,-3.3596e-08,0.2107,0.0405
-2.9816512e-08,1.037154e-09,7.859186e-06,-3.3332007e-08,-3.3586883e-08,0.2117,0.0415
-2.994233e-08,1.02504e-09,7.85922e-06,-3.3341102e-08,-3.3668666e-08,0.2127,0.0425
-2.9777956e-08,1.0341276e-09,7.859252e-06,-3.3351107e-08,-3.3537326e-08,0.2137,0.0435
-2.9863795e-08,1.0327668e-09,7.859292e-06,-3.33602e-08,-3.361822e-08,0.2147,0.0445
-2.9767453e-08,1.0386679e-09,7.859325e-06,-3.3369297e-08,-3.3543326e-08,0.2157,0.0455
-2.982605e-08,1.0314728e-09,7.859369e-06,-3.337839e-08,-3.357577e-08,0.2167,0.0465
-2.9848596e-08,1.0342582e-09,7.859408e-06,-3.3387487e-08,-3.3608444e-08,0.2177,0.0475
-2.984942e-08,1.0182603e-09,7.859423e-06,-3.3395672e-08,-3.3551107e-08,0.2187,0.0485
-2.9980537e-08,1.0218643e-09,7.859441e-06,-3.3404767e-08,-3.3695326e-08,0.2197,0.0495
-2.983488e-08,1.0322238e-09,7.859466e-06,-3.3412952e-08,-3.3587327e-08,0.2207,0.0505
-2.9832933e-08,1.0359381e-09,7.859508e-06,-3.3421138e-08,-3.3598884e-08,0.2217,0.0515
-2.9910417e-08,1.0211636e-09,7.859535e-06,-3.3429323e-08,-3.362266e-08,0.2227,0.0525
-2.989332e-08,1.0265998e-09,7.8595485e-06,-3.343751e-08,-3.3625327e-08,0.2237,0.0535
-2.9979514e-08,1.0292374e-09,7.85958e-06,-3.3444785e-08,-3.3721108e-08,0.2247,0.0545
-2.9820463e-08,1.0369235e-09,7.859616e-06,-3.345297e-08,-3.359e-08,0.2257,0.0555
-2.9871078e-08,1.0329037e-09,7.859655e-06,-3.3460246e-08,-3.3626e-08,0.2267,0.0565
-2.9817027e-08,1.0262546e-09,7.8596895e-06,-3.3467522e-08,-3.3547778e-08,0.2277,0.0575
-2.997775e-08,1.0203088e-09,7.859702e-06,-3.3475708e-08,-3.3686884e-08,0.2287,0.0585
-2.993191e-08,1.027784e-09,7.859728e-06,-3.3482983e-08,-3.3668222e-08,0.2297,0.0595
-2.9888785e-08,1.0221018e-09,7.859748e-06,-3.348935e-08,-3.360444e-08,0.2307,0.0605
-2.9888565e-08,1.0193508e-09,7.859765e-06,-3.3496626e-08,-3.359422e-08,0.2317,0.0615
-2.994331e-08,1.012605e-09,7.8597695e-06,-3.3503902e-08,-3.362444e-08,0.2327,0.0625
-2.9888643e-08,1.0294785e-09,7.859788e-06,-3.351027e-08,-3.363111e-08,0.2337,0.0635
-2.99438e-08,1.0182788e-09,7.859807e-06,-3.3516635e-08,-3.3645552e-08,0.2347,0.0645
-2.9823823e-08,1.0292744e-09,7.8598305e-06,-3.352391e-08,-3.356555e-08,0.2357,0.0655
-2.987563e-08,1.0282286e-09,7.859859e-06,-3.3530277e-08,-3.3613553e-08,0.2367,0.0665
-2.990592e-08,1.0209344e-09,7.859882e-06,-3.3536644e-08,-3.361733e-08,0.2377,0.0675
-2.9996503e-08,1.0292114e-09,7.859906e-06,-3.35421e-08,-3.3738e-08,0.2387,0.0685
-2.9923452e-08,1.0155626e-09,7.859918e-06,-3.3548467e-08,-3.3615333e-08,0.2397,0.0695
-2.98869e-08,1.0259817e-09,7.859935e-06,-3.3554834e-08,-3.3616658e-08,0.2407,0.0705
-2.978542e-08,1.0394711e-09,7.859972e-06,-3.356029e-08,-3.3564216e-08,0.2417,0.0715
-2.9798066e-08,1.0548835e-09,7.860034e-06,-3.3565748e-08,-3.363289e-08,0.2427,0.0725
-2.9843928e-08,1.0301019e-09,7.8600815e-06,-3.3572114e-08,-3.3588663e-08,0.2437,0.0735
-2.985079e-08,1.0326763e-09,7.860114e-06,-3.357757e-08,-3.3604884e-08,0.2447,0.0745
-2.9882962e-08,1.0320793e-09,7.86015e-06,-3.3583028e-08,-3.3634887e-08,0.2457,0.0755
-2.984412e-08,1.0305381e-09,7.860182e-06,-3.3588485e-08,-3.3590442e-08,0.2467,0.0765
-2.9839203e-08,1.0222316e-09,7.860204e-06,-3.3593032e-08,-3.3555327e-08,0.2477,0.0775
-2.9804724e-08,1.0280475e-09,7.86023e-06,-3.359849e-08,-3.3541994e-08,0.2487,0.0785
-2.995938e-08,1.018881e-09,7.860246e-06,-3.3603946e-08,-3.3663326e-08,0.2497,0.0795
-2.9767053e-08,1.0321751e-09,7.860275e-06,-3.3608494e-08,-3.3519324e-08,0.2507,0.0805
-2.97121e-08,1.0237561e-09,7.8603e-06,-3.361304e-08,-3.3433768e-08,0.2517,0.0815
-2.9716714e-08,1.029946e-09,7.860329e-06,-3.3618498e-08,-3.3460882e-08,0.2527,0.0825
-2.9853886e-08,1.026935e-09,7.860354e-06,-3.3623046e-08,-3.358711e-08,0.2537,0.0835
-2.9754336e-08,1.0307213e-09,7.8603825e-06,-3.3627593e-08,-3.3501323e-08,0.2547,0.0845
-2.9918898e-08,1.0217045e-09,7.860409e-06,-3.363214e-08,-3.3633107e-08,0.2557,0.0855
-2.9801477e-08,1.0183062e-09,7.860423e-06,-3.363578e-08,-3.350333e-08,0.2567,0.0865
-2.992002e-08,1.0067847e-09,7.860428e-06,-3.3640326e-08,-3.3579994e-08,0.2577,0.0875
-2.989499e-08,1.0135477e-09,7.860425e-06,-3.3644874e-08,-3.3579546e-08,0.2587,0.0885
-2.9932266e-08,1.0120363e-09,7.860429e-06,-3.364851e-08,-3.361133e-08,0.2597,0.0895
-2.989661e-08,1.0150603e-09,7.860429e-06,-3.365306e-08,-3.3586666e-08,0.2607,0.0905
-2.9978626e-08,1.0299089e-09,7.860449e-06,-3.3656697e-08,-3.372266e-08,0.2617,0.0915
-2.9902612e-08,1.0261252e-09,7.86048e-06,-3.3660335e-08,-3.363289e-08,0.2627,0.0925
-2.976264e-08,1.0247716e-09,7.860499e-06,-3.3663973e-08,-3.3488e-08,0.2637,0.0935
-2.9871e-08,1.0180099e-09,7.860517e-06,-3.366852e-08,-3.357178e-08,0.2647,0.0945
-2.9883147e-08,1.016439e-09,7.860531e-06,-3.367125e-08,-3.3578214e-08,0.2657,0.0955
-2.9912552e-08,1.0240625e-09,7.860541e-06,-3.3674887e-08,-3.363533e-08,0.2667,0.0965
-2.992439e-08,1.0211106e-09,7.8605535e-06,-3.3678525e-08,-3.363644e-08,0.2677,0.0975
-3.0019894e-08,1.0208188e-09,7.860574e-06,-3.3682163e-08,-3.3730885e-08,0.2687,0.0985
-2.9911536e-08,1.0193892e-09,7.860594e-06,-3.368489e-08,-3.361733e-08,0.2697,0.0995
-2.994582e-08,1.0097141e-09,7.8605935e-06,-3.368853e-08,-3.361644e-08,0.2707,0.1005
-2.994042e-08,1.0196973e-09,7.860603e-06,-3.3691258e-08,-3.3647332e-08,0.2717,0.1015
-3.0034506e-08,9.992548e-10,7.860603e-06,-3.3694896e-08,-3.3667103e-08,0.2727,0.1025
-3.0045257e-08,9.958107e-10,7.860576e-06,-3.3697624e-08,-3.3665334e-08,0.2737,0.1035
-2.9959352e-08,1.0167495e-09,7.860571e-06,-3.3700353e-08,-3.3655546e-08,0.2747,0.1045
-2.9941358e-08,1.0205375e-09,7.860591e-06,-3.370308e-08,-3.3651325e-08,0.2757,0.1055
-2.994142e-08,1.0189936e-09,7.8606e-06,-3.370672e-08,-3.364577e-08,0.2767,0.1065
-3.006933e-08,1.0048354e-09,7.860595e-06,-3.3708538e-08,-3.3722213e-08,0.2777,0.1075
-2.9906804e-08,1.026927e-09,7.860608e-06,-3.3711267e-08,-3.3639996e-08,0.2787,0.1085
-2.995204e-08,1.0248139e-09,7.860631e-06,-3.3713995e-08,-3.367755e-08,0.2797,0.1095
-2.9993714e-08,1.0148783e-09,7.860645e-06,-3.3716724e-08,-3.3683108e-08,0.2807,0.1105
-2.9901877e-08,1.0141613e-09,7.860648e-06,-3.3719452e-08,-3.3588663e-08,0.2817,0.1115
-2.9923644e-08,1.0281623e-09,7.860671e-06,-3.372127e-08,-3.366133e-08,0.2827,0.1125
-2.991827e-08,1.0271345e-09,7.860698e-06,-3.3724e-08,-3.3652217e-08,0.2837,0.1135
-2.9890185e-08,1.020923e-09,7.860722e-06,-3.372582e-08,-3.360155e-08,0.2847,0.1145
-3.0004777e-08,1.0131812e-09,7.8607245e-06,-3.3728547e-08,-3.3688e-08,0.2857,0.1155
-3.003815e-08,1.0139017e-09,7.860729e-06,-3.3730366e-08,-3.3723992e-08,0.2867,0.1165
-2.9953338e-08,1.0303876e-09,7.860748e-06,-3.3732185e-08,-3.3699113e-08,0.2877,0.1175
-3.0011588e-08,1.0113671e-09,7.860759e-06,-3.3734004e-08,-3.3688217e-08,0.2887,0.1185
-3.004462e-08,1.02661e-09,7.860777e-06,-3.3736733e-08,-3.377666e-08,0.2897,0.1195
-2.989811e-08,1.022289e-09,7.860793e-06,-3.373855e-08,-3.3614445e-08,0.2907,0.1205
-2.9996755e-08,1.0216828e-09,7.860817e-06,-3.374037e-08,-3.3710887e-08,0.2917,0.1215
-2.9956798e-08,1.0130523e-09,7.8608255e-06,-3.374219e-08,-3.363955e-08,0.2927,0.1225
-2.9983664e-08,1.0280361e-09,7.860842e-06,-3.37431e-08,-3.372089e-08,0.2937,0.1235
-2.98628e-08,1.0305964e-09,7.860872e-06,-3.3744918e-08,-3.3609332e-08,0.2947,0.1245
-2.9902733e-08,1.0277389e-09,7.860902e-06,-3.3746737e-08,-3.363888e-08,0.2957,0.1255
-2.9854718e-08,1.0227309e-09,7.860918e-06,-3.3748556e-08,-3.3572658e-08,0.2967,0.1265
-2.99806e-08,1.0349915e-09,7.860957e-06,-3.3749465e-08,-3.3743113e-08,0.2977,0.1275
-2.9894668e-08,1.0236625e-09,7.860986e-06,-3.3751284e-08,-3.3615997e-08,0.2987,0.1285
-2.9784427e-08,1.0321655e-09,7.861007e-06,-3.3753103e-08,-3.3536665e-08,0.2997,0.1295
-2.9834748e-08,1.0120254e-09,7.861027e-06,-3.3754013e-08,-3.351377e-08,0.3007,0.1305
-2.9916997e-08,1.0164815e-09,7.861033e-06,-3.3754922e-08,-3.361222e-08,0.3017,0.1315
-2.9867607e-08,1.0155794e-09,7.861046e-06,-3.375674e-08,-3.3559548e-08,0.3027,0.1325
-2.980224e-08,1.0191349e-09,7.861055e-06,-3.375765e-08,-3.3507106e-08,0.3037,0.1335
-3.0018395e-08,1.0079666e-09,7.861055e-06,-3.375856e-08,-3.3682664e-08,0.3047,0.1345
-2.98489e-08,1.0165684e-09,7.86106e-06,-3.376038e-08,-3.3544435e-08,0.3057,0.1355
-2.983681e-08,1.0076077e-09,7.861054e-06,-3.376129e-08,-3.3499774e-08,0.3067,0.1365
-2.9905152e-08,1.0084306e-09,7.861057e-06,-3.37622e-08,-3.3571105e-08,0.3077,0.1375
-2.9915714e-08,1.0181777e-09,7.861059e-06,-3.3763108e-08,-3.3617102e-08,0.3087,0.1385
-2.988526e-08,1.0142694e-09,7.861069e-06,-3.3764017e-08,-3.357244e-08,0.3097,0.1395
-2.993155e-08,1.0103384e-09,7.861066e-06,-3.3764927e-08,-3.360444e-08,0.3107,0.1405
-2.9913295e-08,1.0115688e-09,7.861063e-06,-3.3765836e-08,-3.359066e-08,0.3117,0.1415
-3.0018164e-08,1.0056451e-09,7.861064e-06,-3.3766746e-08,-3.367399e-08,0.3127,0.1425
-2.997219e-08,1.0056999e-09,7.861054e-06,-3.3767655e-08,-3.3628215e-08,0.3137,0.1435
-2.9981262e-08,1.017692e-09,7.861054e-06,-3.3767655e-08,-3.3680884e-08,0.3147,0.1445
-2.9963562e-08,1.0141856e-09,7.861065e-06,-3.3768565e-08,-3.3650437e-08,0.3157,0.1455
-2.9966202e-08,1.0112589e-09,7.861066e-06,-3.3769474e-08,-3.364244e-08,0.3167,0.1465
-3.0003115e-08,1.016632e-09,7.86107e-06,-3.3770384e-08,-3.3698885e-08,0.3177,0.1475
-2.991079e-08,1.019595e-09,7.861085e-06,-3.3770384e-08,-3.361733e-08,0.3187,0.1485
-2.9898565e-08,1.0169675e-09,7.861095e-06,-3.3771293e-08,-3.359555e-08,0.3197,0.1495
-3.0051563e-08,1.0146152e-09,7.861099e-06,-3.3771293e-08,-3.3739997e-08,0.3207,0.1505
-3.0067007e-08,1.0098169e-09,7.8611e-06,-3.3772203e-08,-3.3738e-08,0.3217,0.1515
-3.003962e-08,1.0124593e-09,7.861107e-06,-3.3772203e-08,-3.3720216e-08,0.3227,0.1525
-3.004054e-08,1.0199097e-09,7.861109e-06,-3.3773112e-08,-3.3748222e-08,0.3237,0.1535
-2.992409e-08,1.0251058e-09,7.861134e-06,-3.3773112e-08,-3.3650664e-08,0.3247,0.1545
-2.9843903e-08,1.0184311e-09,7.861148e-06,-3.3774022e-08,-3.3546215e-08,0.3257,0.1555
-2.993984e-08,1.0151499e-09,7.861156e-06,-3.3774022e-08,-3.3630222e-08,0.3267,0.1565
-2.994638e-08,1.0247826e-09,7.861174e-06,-3.3774022e-08,-3.367178e-08,0.3277,0.1575
-2.997563e-08,1.0125158e-09,7.861189e-06,-3.3774022e-08,-3.3656438e-08,0.3287,0.1585
-2.98473e-08,1.0299681e-09,7.861196e-06,-3.377493e-08,-3.3591547e-08,0.3297,0.1595
-2.990015e-08,1.0318731e-09,7.86123e-06,-3.377493e-08,-3.3651325e-08,0.3307,0.1605
-2.9931755e-08,1.0239142e-09,7.86126e-06,-3.377493e-08,-3.3653993e-08,0.3317,0.1615
-3.0015094e-08,1.0203662e-09,7.8612775e-06,-3.377493e-08,-3.3724437e-08,0.3327,0.1625
-2.9731302e-08,1.0418274e-09,7.861311e-06,-3.377493e-08,-3.3518663e-08,0.3337,0.1635
-2.979351e-08,1.0206201e-09,7.861344e-06,-3.377493e-08,-3.3503778e-08,0.3347,0.1645
-2.9877835e-08,1.0187561e-09,7.86136e-06,-3.377493e-08,-3.3581326e-08,0.3357,0.1655
-2.987494e-08,1.019126e-09,7.861371e-06,-3.377493e-08,-3.3579774e-08,0.3367,0.1665
-2.9952744e-08,1.0133101e-09,7.861379e-06,-3.377493e-08,-3.363644e-08,0.3377,0.1675
-2.9873437e-08,1.010307e-09,7.861381e-06,-3.377493e-08,-3.3546215e-08,0.3387,0.1685
-3.002004e-08,1.0047021e-09,7.861377e-06,-3.377493e-08,-3.3672443e-08,0.3397,0.1695
-2.9957278e-08,1.0105975e-09,7.861368e-06,-3.377493e-08,-3.363111e-08,0.3407,0.1705
-2.987338e-08,1.0058611e-09,7.861365e-06,-3.377493e-08,-3.3529993e-08,0.3417,0.1715
-3.0045925e-08,1.0128015e-09,7.861363e-06,-3.377493e-08,-3.372777e-08,0.3427,0.1725
-2.99862e-08,1.0177397e-09,7.8613675e-06,-3.377493e-08,-3.3685993e-08,0.3437,0.1735
-2.9919214e-08,1.0240621e-09,7.861384e-06,-3.377493e-08,-3.3641992e-08,0.3447,0.1745
-2.9937585e-08,1.0171133e-09,7.861404e-06,-3.377493e-08,-3.3635104e-08,0.3457,0.1755
-2.991308e-08,1.0145631e-09,7.861406e-06,-3.3774022e-08,-3.3601324e-08,0.3467,0.1765
-2.9899297e-08,1.0112646e-09,7.861412e-06,-3.3774022e-08,-3.3575553e-08,0.3477,0.1775
-3.007313e-08,1.0058072e-09,7.861405e-06,-3.3774022e-08,-3.372955e-08,0.3487,0.1785
-3.0000223e-08,1.0080765e-09,7.861401e-06,-3.3774022e-08,-3.366489e-08,0.3497,0.1795
-2.9996173e-08,1.0018539e-09,7.861394e-06,-3.3773112e-08,-3.363822e-08,0.3507,0.1805
-2.9969378e-08,1.0093467e-09,7.861381e-06,-3.3773112e-08,-3.3638663e-08,0.3517,0.1815
-3.004927e-08,1.0054045e-09,7.861377e-06,-3.3773112e-08,-3.370422e-08,0.3527,0.1825
-3.00986e-08,1.0030817e-09,7.861367e-06,-3.3772203e-08,-3.374511e-08,0.3537,0.1835
-2.9985156e-08,1.0215133e-09,7.861367e-06,-3.3772203e-08,-3.369867e-08,0.3547,0.1845
-2.994398e-08,1.0098535e-09,7.861376e-06,-3.3771293e-08,-3.3615105e-08,0.3557,0.1855
-3.001977e-08,1.0068539e-09,7.861372e-06,-3.3771293e-08,-3.3679992e-08,0.3567,0.1865
-3.0113583e-08,1.0034226e-09,7.861361e-06,-3.3771293e-08,-3.376133e-08,0.3577,0.1875
-3.0100736e-08,9.950976e-10,7.861344e-06,-3.3770384e-08,-3.371822e-08,0.3587,0.1885
-3.009188e-08,1.0035842e-09,7.8613175e-06,-3.3770384e-08,-3.3740214e-08,0.3597,0.1895
-3.0125086e-08,1.0109555e-09,7.861319e-06,-3.3769474e-08,-3.380022e-08,0.3607,0.1905
-3.01493e-08,1.0052111e-09,7.86131e-06,-3.3769474e-08,-3.3803552e-08,0.3617,0.1915
-3.0146374e-08,1.0006972e-09,7.861298e-06,-3.3768565e-08,-3.3784215e-08,0.3627,0.1925
-3.00363e-08,1.0122103e-09,7.8612875e-06,-3.3768565e-08,-3.3715995e-08,0.3637,0.1935
-3.011168e-08,1.0062685e-09,7.86129e-06,-3.3767655e-08,-3.3769773e-08,0.3647,0.1945
-3.0132476e-08,1.0032999e-09,7.86128e-06,-3.3767655e-08,-3.3779777e-08,0.3657,0.1955
-3.0183074e-08,1.020436e-09,7.861279e-06,-3.3766746e-08,-3.389267e-08,0.3667,0.1965
-3.005093e-08,1.0196779e-09,7.861291e-06,-3.3765836e-08,-3.375777e-08,0.3677,0.1975
-3.0094935e-08,1.0048844e-09,7.861293e-06,-3.3765836e-08,-3.3747995e-08,0.3687,0.1985
-3.016116e-08,1.0158258e-09,7.861296e-06,-3.3764927e-08,-3.3853997e-08,0.3697,0.1995
-3.0196894e-08,1.0063029e-09,7.861292e-06,-3.3764927e-08,-3.3855116e-08,0.3707,0.2005
-3.0147216e-08,1.0097577e-09,7.861296e-06,-3.3764017e-08,-3.3817994e-08,0.3717,0.2015
-3.0219528e-08,1.0084495e-09,7.861284e-06,-3.3763108e-08,-3.3885552e-08,0.3727,0.2025
-3.0175908e-08,1.022956e-09,7.8613e-06,-3.3763108e-08,-3.3894665e-08,0.3737,0.2035
-3.0071284e-08,1.0189084e-09,7.861313e-06,-3.37622e-08,-3.377533e-08,0.3747,0.2045
-3.0192922e-08,1.0025039e-09,7.861309e-06,-3.376129e-08,-3.383733e-08,0.3757,0.2055
-3.016572e-08,1.0267376e-09,7.861313e-06,-3.376129e-08,-3.3898225e-08,0.3767,0.2065
-3.0268563e-08,1.0275438e-09,7.861345e-06,-3.376038e-08,-3.4004e-08,0.3777,0.2075
-3.0155896e-08,1.0163569e-09,7.861363e-06,-3.375947e-08,-3.3850664e-08,0.3787,0.2085
-3.0113394e-08,1.0087935e-09,7.861361e-06,-3.375947e-08,-3.3780665e-08,0.3797,0.2095
-3.0233604e-08,1.0114244e-09,7.861364e-06,-3.375856e-08,-3.3910442e-08,0.3807,0.2105
-3.0179343e-08,1.0126593e-09,7.86136e-06,-3.375765e-08,-3.386067e-08,0.3817,0.2115
-3.0183276e-08,1.0110249e-09,7.861367e-06,-3.375765e-08,-3.385866e-08,0.3827,0.2125
-3.0089335e-08,1.0251928e-09,7.861374e-06,-3.375674e-08,-3.3816224e-08,0.3837,0.2135
-3.018343e-08,1.0286502e-09,7.861399e-06,-3.3755832e-08,-3.3922888e-08,0.3847,0.2145
-3.016543e-08,1.0101282e-09,7.861414e-06,-3.3755832e-08,-3.383756e-08,0.3857,0.2155
-3.0171595e-08,1.0168683e-09,7.8614175e-06,-3.3754922e-08,-3.3868222e-08,0.3867,0.2165
-3.0242646e-08,1.0132183e-09,7.861426e-06,-3.3754013e-08,-3.3926003e-08,0.3877,0.2175
-3.0194055e-08,1.0111163e-09,7.861427e-06,-3.3753103e-08,-3.3869775e-08,0.3887,0.2185
-3.014116e-08,1.0186978e-09,7.861431e-06,-3.3753103e-08,-3.3844437e-08,0.3897,0.2195
-3.0220058e-08,1.0260934e-09,7.861449e-06,-3.3752194e-08,-3.3950222e-08,0.3907,0.2205
-2.9998112e-08,1.0287058e-09,7.861479e-06,-3.3751284e-08,-3.3737773e-08,0.3917,0.2215
-3.0112087e-08,1.0188713e-09,7.861503e-06,-3.3750375e-08,-3.3815997e-08,0.3927,0.2225
-3.0061916e-08,1.0269274e-09,7.8615185e-06,-3.3750375e-08,-3.379511e-08,0.3937,0.2235
-3.0135826e-08,1.0256056e-09,7.861549e-06,-3.3749465e-08,-3.3864218e-08,0.3947,0.2245
-3.002296e-08,1.019304e-09,7.861566e-06,-3.3748556e-08,-3.372844e-08,0.3957,0.2255
-3.0125754e-08,1.0054535e-09,7.861563e-06,-3.3748556e-08,-3.3780886e-08,0.3967,0.2265
-3.0135322e-08,1.028067e-09,7.861574e-06,-3.3747646e-08,-3.387266e-08,0.3977,0.2275
-2.9937873e-08,1.0244934e-09,7.861599e-06,-3.3746737e-08,-3.366222e-08,0.3987,0.2285
-3.0029156e-08,1.022489e-09,7.861623e-06,-3.3745827e-08,-3.3746215e-08,0.3997,0.2295
-3.004812e-08,9.969157e-10,7.8616185e-06,-3.3745827e-08,-3.367221e-08,0.4007,0.2305
-2.9976242e-08,1.0259795e-09,7.861617e-06,-3.3744918e-08,-3.370599e-08,0.4017,0.2315
-3.00615e-08,1.0088849e-09,7.8616295e-06,-3.374401e-08,-3.3729105e-08,0.4027,0.2325
-3.0094586e-08,1.0043083e-09,7.8616185e-06,-3.37431e-08,-3.3745554e-08,0.4037,0.2335
-3.003889e-08,1.0248851e-09,7.861622e-06,-3.37431e-08,-3.376466e-08,0.4047,0.2345
-3.00368e-08,1.0165349e-09,7.861642e-06,-3.374219e-08,-3.3732217e-08,0.4057,0.2355
-3.0192204e-08,9.97015e-10,7.861636e-06,-3.374128e-08,-3.3816658e-08,0.4067,0.2365
-3.013648e-08,1.0054372e-09,7.861618e-06,-3.374037e-08,-3.379155e-08,0.4077,0.2375
-3.0049392e-08,1.0092218e-09,7.861617e-06,-3.374037e-08,-3.371822e-08,0.4087,0.2385
-3.0180416e-08,1.0050271e-09,7.861609e-06,-3.373946e-08,-3.3834e-08,0.4097,0.2395
-3.0230456e-08,9.997607e-10,7.86159e-06,-3.373855e-08,-3.386489e-08,0.4107,0.2405
-3.0205435e-08,1.0019365e-09,7.861578e-06,-3.3737642e-08,-3.384778e-08,0.4117,0.2415
-3.030836e-08,9.933055e-10,7.861552e-06,-3.3737642e-08,-3.3919328e-08,0.4127,0.2425
-3.0164994e-08,1.0145892e-09,7.8615385e-06,-3.3736733e-08,-3.3853336e-08,0.4137,0.2435
-3.013996e-08,1.0258144e-09,7.861558e-06,-3.3735823e-08,-3.3869114e-08,0.4147,0.2445
-3.0241587e-08,1.0118589e-09,7.861572e-06,-3.3735823e-08,-3.3920003e-08,0.4157,0.2455
-3.0250813e-08,1.011643e-09,7.861571e-06,-3.3734914e-08,-3.3928444e-08,0.4167,0.2465
-3.0322404e-08,1.007903e-09,7.861573e-06,-3.3734004e-08,-3.3986442e-08,0.4177,0.2475
-3.0188435e-08,1.0234228e-09,7.86158e-06,-3.3734004e-08,-3.390889e-08,0.4187,0.2485
-3.012879e-08,1.0279089e-09,7.861599e-06,-3.3733095e-08,-3.3865554e-08,0.4197,0.2495
-3.008046e-08,1.0287328e-09,7.861629e-06,-3.3732185e-08,-3.3820218e-08,0.4207,0.2505
-3.0092284e-08,1.0321425e-09,7.861664e-06,-3.3731276e-08,-3.3844437e-08,0.4217,0.2515
-3.003368e-08,1.0263818e-09,7.8616895e-06,-3.3731276e-08,-3.376489e-08,0.4227,0.2525
-2.99902e-08,1.0196355e-09,7.861706e-06,-3.3730366e-08,-3.369689e-08,0.4237,0.2535
-2.9982388e-08,1.0233133e-09,7.861727e-06,-3.3729457e-08,-3.3702445e-08,0.4247,0.2545
-3.0063884e-08,1.0140973e-09,7.861742e-06,-3.3729457e-08,-3.3750435e-08,0.4257,0.2555
-3.0117217e-08,1.0122041e-09,7.861736e-06,-3.3728547e-08,-3.379689e-08,0.4267,0.2565
-3.012759e-08,1.0157084e-09,7.861746e-06,-3.3727638e-08,-3.382e-08,0.4277,0.2575
-3.006737e-08,1.0209018e-09,7.8617595e-06,-3.3727638e-08,-3.3778658e-08,0.4287,0.2585
-3.0172814e-08,1.0194674e-09,7.861773e-06,-3.3726728e-08,-3.3878887e-08,0.4297,0.2595
-3.0074954e-08,1.0230952e-09,7.8617895e-06,-3.3726728e-08,-3.379422e-08,0.4307,0.2605
-3.010918e-08,1.0070779e-09,7.8617995e-06,-3.372582e-08,-3.3770217e-08,0.4317,0.2615
-2.9989863e-08,1.0207667e-09,7.861804e-06,-3.372491e-08,-3.3700665e-08,0.4327,0.2625
-3.000795e-08,1.0314409e-09,7.861827e-06,-3.372491e-08,-3.3757555e-08,0.4337,0.2635
-3.0136565e-08,1.0071864e-09,7.861833e-06,-3.3724e-08,-3.3797996e-08,0.4347,0.2645
-3.003879e-08,1.0252802e-09,7.861847e-06,-3.372309e-08,-3.3765996e-08,0.4357,0.2655
-3.0102235e-08,1.0066037e-09,7.861859e-06,-3.372309e-08,-3.376155e-08,0.4367,0.2665
-3.0072655e-08,1.0171879e-09,7.861857e-06,-3.372218e-08,-3.3770444e-08,0.4377,0.2675
-2.9996496e-08,1.0282943e-09,7.861878e-06,-3.372218e-08,-3.373466e-08,0.4387,0.2685
-2.995343e-08,1.0141012e-09,7.861892e-06,-3.372127e-08,-3.3639996e-08,0.4397,0.2695
-3.0059383e-08,1.0102642e-09,7.861892e-06,-3.372127e-08,-3.3732e-08,0.4407,0.2705
-2.9916546e-08,1.0142209e-09,7.861895e-06,-3.372036e-08,-3.360355e-08,0.4417,0.2715
-3.0098178e-08,1.0022186e-09,7.861891e-06,-3.3719452e-08,-3.374155e-08,0.4427,0.2725
-3.0000756e-08,1.0137358e-09,7.861887e-06,-3.3719452e-08,-3.3685993e-08,0.4437,0.2735
-3.0104886e-08,1.0052654e-09,7.861885e-06,-3.3718543e-08,-3.3759335e-08,0.4447,0.2745
-3.0021422e-08,1.0174651e-09,7.86189e-06,-3.3718543e-08,-3.3720216e-08,0.4457,0.2755
-3.0086763e-08,1.0133074e-09,7.861895e-06,-3.3717633e-08,-3.3770444e-08,0.4467,0.2765
-3.0065376e-08,1.0102028e-09,7.8618905e-06,-3.3717633e-08,-3.3737773e-08,0.4477,0.2775
-2.9910467e-08,1.0235972e-09,7.861903e-06,-3.3716724e-08,-3.3631554e-08,0.4487,0.2785
-3.003362e-08,1.0185124e-09,7.8619205e-06,-3.3716724e-08,-3.373622e-08,0.4497,0.2795
-3.003525e-08,1.0238095e-09,7.861937e-06,-3.3715814e-08,-3.375711e-08,0.4507,0.2805
-2.999406e-08,1.0171685e-09,7.861947e-06,-3.3715814e-08,-3.3691776e-08,0.4517,0.2815
-3.0038688e-08,1.0103299e-09,7.861954e-06,-3.3714905e-08,-3.3711547e-08,0.4527,0.2825
-2.993991e-08,1.021244e-09,7.861965e-06,-3.3714905e-08,-3.3652444e-08,0.4537,0.2835
-3.000893e-08,1.013137e-09,7.861974e-06,-3.3714905e-08,-3.3691993e-08,0.4547,0.2845
-3.007523e-08,1.0222855e-09,7.861984e-06,-3.3713995e-08,-3.379155e-08,0.4557,0.2855
-3.0114737e-08,1.0000482e-09,7.8619805e-06,-3.3713995e-08,-3.375022e-08,0.4567,0.2865
-3.0119214e-08,1.0208837e-09,7.861984e-06,-3.3713086e-08,-3.383044e-08,0.4577,0.2875
-3.0188264e-08,1.0102646e-09,7.8619905e-06,-3.3713086e-08,-3.3860886e-08,0.4587,0.2885
-3.006731e-08,1.0053317e-09,7.86198e-06,-3.3712176e-08,-3.3721996e-08,0.4597,0.2895
-3.010076e-08,1.0101883e-09,7.861981e-06,-3.3712176e-08,-3.3773105e-08,0.4607,0.2905
-3.00083e-08,1.0100094e-09,7.8619705e-06,-3.3712176e-08,-3.3679992e-08,0.4617,0.2915
-3.0124053e-08,1.0155798e-09,7.861984e-06,-3.3711267e-08,-3.3815997e-08,0.4627,0.2925
-3.0066186e-08,1.012058e-09,7.861987e-06,-3.3711267e-08,-3.3745327e-08,0.4637,0.2935
-3.0100097e-08,1.011413e-09,7.861983e-06,-3.3711267e-08,-3.3776892e-08,0.4647,0.2945
-3.01607e-08,1.0007325e-09,7.861976e-06,-3.3710357e-08,-3.3798667e-08,0.4657,0.2955
-3.0109735e-08,1.0061316e-09,7.861962e-06,-3.3710357e-08,-3.3767332e-08,0.4667,0.2965
-3.0091577e-08,1.0131446e-09,7.86196e-06,-3.3710357e-08,-3.3774665e-08,0.4677,0.2975
-3.0108147e-08,1.0180007e-09,7.861969e-06,-3.3709448e-08,-3.380889e-08,0.4687,0.2985
-3.0118684e-08,1.0130836e-09,7.861982e-06,-3.3709448e-08,-3.3801555e-08,0.4697,0.2995
-3.004851e-08,1.0070191e-09,7.861978e-06,-3.3709448e-08,-3.3709334e-08,0.4707,0.3005
-3.0075487e-08,1.0135344e-09,7.861976e-06,-3.3708538e-08,-3.3759996e-08,0.4717,0.3015
-3.004113e-08,1.0090501e-09,7.861973e-06,-3.3708538e-08,-3.3709334e-08,0.4727,0.3025
-3.0171403e-08,1.0113573e-09,7.861976e-06,-3.3708538e-08,-3.3847996e-08,0.4737,0.3035
-3.0011158e-08,1.0174166e-09,7.86198e-06,-3.3708538e-08,-3.3709778e-08,0.4747,0.3045
-3.0061646e-08,1.0249835e-09,7.862e-06,-3.370763e-08,-3.3787774e-08,0.4757,0.3055
-2.9997043e-08,1.0172015e-09,7.862012e-06,-3.370763e-08,-3.369488e-08,0.4767,0.3065
-3.00313e-08,1.0158492e-09,7.862027e-06,-3.370763e-08,-3.372422e-08,0.4777,0.3075
-3.003972e-08,1.0240457e-09,7.862042e-06,-3.370763e-08,-3.3762436e-08,0.4787,0.3085
-3.0063866e-08,1.0151432e-09,7.8620515e-06,-3.370672e-08,-3.3754223e-08,0.4797,0.3095
-3.018619e-08,1.0108955e-09,7.862052e-06,-3.370672e-08,-3.3861102e-08,0.4807,0.3105
-3.0071654e-08,1.0137327e-09,7.862056e-06,-3.370672e-08,-3.3756884e-08,0.4817,0.3115
-3.007663e-08,1.0184166e-09,7.862064e-06,-3.370672e-08,-3.377889e-08,0.4827,0.3125
-2.9998823e-08,1.0194038e-09,7.862076e-06,-3.370672e-08,-3.370467e-08,0.4837,0.3135
-3.0091005e-08,1.0159287e-09,7.862088e-06,-3.370581e-08,-3.3784215e-08,0.4847,0.3145
-2.996671e-08,1.0236533e-09,7.8621e-06,-3.370581e-08,-3.3688e-08,0.4857,0.3155
-3.0039242e-08,1.0121362e-09,7.862116e-06,-3.370581e-08,-3.3718667e-08,0.4867,0.3165
-2.996118e-08,1.029085e-09,7.862128e-06,-3.370581e-08,-3.3702214e-08,0.4877,0.3175
-2.9998603e-08,1.01396e-09,7.862149e-06,-3.370581e-08,-3.368466e-08,0.4887,0.3185
-3.014035e-08,1.0004623e-09,7.862134e-06,-3.370581e-08,-3.3777336e-08,0.4897,0.3195
-3.00555e-08,1.0154276e-09,7.862134e-06,-3.370581e-08,-3.374689e-08,0.4907,0.3205
-3.0172835e-08,1.00754e-09,7.862141e-06,-3.370581e-08,-3.383555e-08,0.4917,0.3215
-2.9983838e-08,1.0113004e-09,7.862133e-06,-3.37049e-08,-3.3660225e-08,0.4927,0.3225
-3.0109884e-08,1.0194179e-09,7.862141e-06,-3.37049e-08,-3.381578e-08,0.4937,0.3235
-2.999726e-08,1.0104791e-09,7.862142e-06,-3.37049e-08,-3.3670663e-08,0.4947,0.3245
-3.0073725e-08,1.0122465e-09,7.862147e-06,-3.37049e-08,-3.375355e-08,0.4957,0.3255
-3.004245e-08,1.0136382e-09,7.862142e-06,-3.37049e-08,-3.3727336e-08,0.4967,0.3265
-2.9974615e-08,1.0201918e-09,7.862158e-06,-3.37049e-08,-3.3683325e-08,0.4977,0.3275
-3.0001377e-08,1.0125878e-09,7.862172e-06,-3.37049e-08,-3.3682447e-08,0.4987,0.3285
-3.010979e-08,1.0092955e-09,7.862166e-06,-3.37049e-08,-3.377889e-08,0.4997,0.3295
-3.004244e-08,1.0033705e-09,7.862158e-06,-3.37049e-08,-3.3689997e-08,0.5007,0.3305
-2.998205e-08,1.0136241e-09,7.862156e-06,-3.37049e-08,-3.3666886e-08,0.5017,0.3315
-3.005398e-08,1.0079599e-09,7.862157e-06,-3.37049e-08,-3.371822e-08,0.5027,0.3325
-2.9930113e-08,1.0148289e-09,7.862161e-06,-3.37049e-08,-3.3619326e-08,0.5037,0.3335
-3.00184e-08,1.0207406e-09,7.862169e-06,-3.37049e-08,-3.3729105e-08,0.5047,0.3345
-3.015785e-08,1.0156973e-09,7.862182e-06,-3.37049e-08,-3.385022e-08,0.5057,0.3355
-3.0130526e-08,1.011722e-09,7.862186e-06,-3.37049e-08,-3.3808444e-08,0.5067,0.3365
-3.0032755e-08,1.008601e-09,7.86218e-06,-3.37049e-08,-3.369933e-08,0.5077,0.3375
-3.0075878e-08,1.0132456e-09,7.862181e-06,-3.37049e-08,-3.3759335e-08,0.5087,0.3385
-3.015968e-08,1.0013179e-09,7.862175e-06,-3.37049e-08,-3.3799775e-08,0.5097,0.3395
-3.0165296e-08,1.0049069e-09,7.862162e-06,-3.37049e-08,-3.3818438e-08,0.5107,0.3405
-3.007942e-08,1.0080535e-09,7.862155e-06,-3.37049e-08,-3.3744e-08,0.5117,0.3415
-3.0187625e-08,1.0072624e-09,7.862149e-06,-3.37049e-08,-3.3849332e-08,0.5127,0.3425
-3.0100598e-08,1.0172656e-09,7.8621515e-06,-3.37049e-08,-3.3798667e-08,0.5137,0.3435
-3.0020367e-08,1.0294908e-09,7.862171e-06,-3.37049e-08,-3.3762884e-08,0.5147,0.3445
-2.9906346e-08,1.0215517e-09,7.862192e-06,-3.370581e-08,-3.362e-08,0.5157,0.3455
-3.0009446e-08,1.0200872e-09,7.86221e-06,-3.370581e-08,-3.3717775e-08,0.5167,0.3465
-2.9905603e-08,1.0286003e-09,7.862232e-06,-3.370581e-08,-3.364488e-08,0.5177,0.3475
-2.9911117e-08,1.0204219e-09,7.862258e-06,-3.370581e-08,-3.3620662e-08,0.5187,0.3485
-3.0058875e-08,1.0140686e-09,7.862264e-06,-3.370581e-08,-3.3745327e-08,0.5197,0.3495
-3.004211e-08,1.0180095e-09,7.862272e-06,-3.370581e-08,-3.3742886e-08,0.5207,0.3505
-3.0010103e-08,1.0103101e-09,7.862278e-06,-3.370581e-08,-3.368289e-08,0.5217,0.3515
-2.9993274e-08,1.0140201e-09,7.862283e-06,-3.370581e-08,-3.3679548e-08,0.5227,0.3525
-3.011518e-08,1.0199755e-09,7.862297e-06,-3.370672e-08,-3.3823106e-08,0.5237,0.3535
-3.0132746e-08,1.0001692e-09,7.86229e-06,-3.370672e-08,-3.3768668e-08,0.5247,0.3545
-3.0034325e-08,1.0085958e-09,7.862278e-06,-3.370672e-08,-3.3700882e-08,0.5257,0.3555
-3.0178175e-08,1.0118165e-09,7.862272e-06,-3.370672e-08,-3.3856438e-08,0.5267,0.3565
-2.998084e-08,1.0134678e-09,7.862278e-06,-3.370672e-08,-3.3665106e-08,0.5277,0.3575
-2.9999946e-08,1.0132241e-09,7.862285e-06,-3.370672e-08,-3.3683325e-08,0.5287,0.3585
-2.999088e-08,1.0188373e-09,7.86229e-06,-3.370763e-08,-3.3694665e-08,0.5297,0.3595
-3.0092345e-08,1.0126885e-09,7.862296e-06,-3.370763e-08,-3.3773777e-08,0.5307,0.3605
-3.0066005e-08,1.0129639e-09,7.862304e-06,-3.370763e-08,-3.374844e-08,0.5317,0.3615
-3.0047232e-08,1.0078571e-09,7.8623e-06,-3.370763e-08,-3.3711103e-08,0.5327,0.3625
-3.0095418e-08,9.991877e-10,7.862289e-06,-3.370763e-08,-3.372777e-08,0.5337,0.3635
-3.0012714e-08,1.0170483e-09,7.862279e-06,-3.3708538e-08,-3.3709995e-08,0.5347,0.3645
-3.005007e-08,1.012458e-09,7.862288e-06,-3.3708538e-08,-3.3730668e-08,0.5357,0.3655
-3.0116087e-08,1.0221742e-09,7.862301e-06,-3.3708538e-08,-3.3832002e-08,0.5367,0.3665
-2.999992e-08,1.0146399e-09,7.862312e-06,-3.3708538e-08,-3.3688448e-08,0.5377,0.3675
-3.0047456e-08,1.0043122e-09,7.862308e-06,-3.3708538e-08,-3.369844e-08,0.5387,0.3685
-3.0147536e-08,1.0014191e-09,7.8622925e-06,-3.3709448e-08,-3.3788e-08,0.5397,0.3695
-3.0047666e-08,1.0087803e-09,7.862282e-06,-3.3709448e-08,-3.371489e-08,0.5407,0.3705
-2.998702e-08,1.0088332e-09,7.862283e-06,-3.3709448e-08,-3.365444e-08,0.5417,0.3715
-3.001553e-08,1.0156611e-09,7.862285e-06,-3.3709448e-08,-3.370777e-08,0.5427,0.3725
-3.0104435e-08,1.0111953e-09,7.862291e-06,-3.3710357e-08,-3.3780438e-08,0.5437,0.3735
-3.008512e-08,1.017183e-09,7.8622925e-06,-3.3710357e-08,-3.3782893e-08,0.5447,0.3745
-3.012649e-08,1.0086747e-09,7.862297e-06,-3.3710357e-08,-3.379333e-08,0.5457,0.3755
-3.011255e-08,1.0143415e-09,7.862296e-06,-3.3710357e-08,-3.3799992e-08,0.5467,0.3765
-3.0008113e-08,1.019293e-09,7.862304e-06,-3.3711267e-08,-3.3713555e-08,0.5477,0.3775
-3.0067568e-08,1.0314851e-09,7.862331e-06,-3.3711267e-08,-3.3817333e-08,0.5487,0.3785
-3.0026317e-08,1.0213141e-09,7.862355e-06,-3.3711267e-08,-3.373911e-08,0.5497,0.3795
-3.0013226e-08,1.0159914e-09,7.862363e-06,-3.3711267e-08,-3.3706666e-08,0.5507,0.3805
-3.0004372e-08,1.0222174e-09,7.862383e-06,-3.3712176e-08,-3.3720447e-08,0.5517,0.3815
-2.9998187e-08,1.0071078e-09,7.862389e-06,-3.3712176e-08,-3.3659333e-08,0.5527,0.3825
-3.0041633e-08,1.0164893e-09,7.8623925e-06,-3.3712176e-08,-3.3736885e-08,0.5537,0.3835
-2.999906e-08,1.0153627e-09,7.862398e-06,-3.3713086e-08,-3.3690213e-08,0.5547,0.3845
-3.0018537e-08,1.0103123e-09,7.8624e-06,-3.3713086e-08,-3.3691332e-08,0.5557,0.3855
-3.0007936e-08,1.0259438e-09,7.862405e-06,-3.3713086e-08,-3.3737557e-08,0.5567,0.3865
-2.995708e-08,1.0215322e-09,7.862434e-06,-3.3713086e-08,-3.3670663e-08,0.5577,0.3875
-2.9983116e-08,1.0197491e-09,7.862447e-06,-3.3713995e-08,-3.3690213e-08,0.5587,0.3885
-3.006176e-08,1.0067988e-09,7.862449e-06,-3.3713995e-08,-3.372178e-08,0.5597,0.3895
-2.9945955e-08,1.0201927e-09,7.862451e-06,-3.3713995e-08,-3.365467e-08,0.5607,0.3905
-2.9889833e-08,1.0208978e-09,7.862467e-06,-3.3714905e-08,-3.3601108e-08,0.5617,0.3915
-2.9918535e-08,1.029995e-09,7.862492e-06,-3.3714905e-08,-3.3662882e-08,0.5627,0.3925
-2.9946104e-08,1.0202744e-09,7.862517e-06,-3.3714905e-08,-3.3655112e-08,0.5637,0.3935
-2.9873707e-08,1.0198925e-09,7.862525e-06,-3.3715814e-08,-3.3581326e-08,0.5647,0.3945
-2.9971353e-08,1.0146712e-09,7.862537e-06,-3.3715814e-08,-3.3659994e-08,0.5657,0.3955
-2.994916e-08,1.0113627e-09,7.862546e-06,-3.3715814e-08,-3.362577e-08,0.5667,0.3965
-2.9793988e-08,1.0140085e-09,7.8625435e-06,-3.3715814e-08,-3.348022e-08,0.5677,0.3975
-2.995358e-08,1.0165675e-09,7.8625535e-06,-3.3716724e-08,-3.3649112e-08,0.5687,0.3985
-3.000445e-08,1.0122925e-09,7.862559e-06,-3.3716724e-08,-3.3684444e-08,0.5697,0.3995
-2.999724e-08,1.0021101e-09,7.862548e-06,-3.3716724e-08,-3.3640216e-08,0.5707,0.4005
-2.9770058e-08,1.0293305e-09,7.862554e-06,-3.3717633e-08,-3.351199e-08,0.5717,0.4015
-2.9876052e-08,1.0061052e-09,7.862572e-06,-3.3717633e-08,-3.353355e-08,0.5727,0.4025
-2.9904587e-08,1.0083414e-09,7.8625635e-06,-3.3717633e-08,-3.3570217e-08,0.5737,0.4035
-3.0000564e-08,1.0059017e-09,7.862559e-06,-3.3718543e-08,-3.3657326e-08,0.5747,0.4045
-2.9978313e-08,1.0101905e-09,7.862552e-06,-3.3718543e-08,-3.3650664e-08,0.5757,0.4055
-2.9950684e-08,1.0090483e-09,7.862545e-06,-3.3718543e-08,-3.3618882e-08,0.5767,0.4065
-2.9925125e-08,1.0151027e-09,7.862548e-06,-3.3719452e-08,-3.3615333e-08,0.5777,0.4075
-2.9942996e-08,1.0112253e-09,7.862567e-06,-3.3719452e-08,-3.361911e-08,0.5787,0.4085
-3.0029174e-08,1.0089746e-09,7.862553e-06,-3.3719452e-08,-3.3697106e-08,0.5797,0.4095
-3.008562e-08,1.0057356e-09,7.862547e-06,-3.3719452e-08,-3.3741777e-08,0.5807,0.4105
-2.9988545e-08,1.017217e-09,7.862548e-06,-3.372036e-08,-3.368644e-08,0.5817,0.4115
-2.9948108e-08,1.006273e-09,7.86255e-06,-3.372036e-08,-3.360622e-08,0.5827,0.4125
-2.991496e-08,1.0169795e-09,7.862548e-06,-3.372036e-08,-3.361199e-08,0.5837,0.4135
-2.9965978e-08,1.020308e-09,7.862565e-06,-3.372127e-08,-3.367511e-08,0.5847,0.4145
-2.9997633e-08,1.0153883e-09,7.862572e-06,-3.372127e-08,-3.368888e-08,0.5857,0.4155
-2.9969343e-08,1.0077683e-09,7.862574e-06,-3.372127e-08,-3.363289e-08,0.5867,0.4165
-2.998359e-08,1.0107569e-09,7.862567e-06,-3.372127e-08,-3.3657997e-08,0.5877,0.4175
-2.9982683e-08,1.0072146e-09,7.862567e-06,-3.372218e-08,-3.364422e-08,0.5887,0.4185
-3.0054824e-08,1.0041815e-09,7.862563e-06,-3.372218e-08,-3.370533e-08,0.5897,0.4195
-2.9993775e-08,1.0051427e-09,7.862551e-06,-3.372218e-08,-3.3647776e-08,0.5907,0.4205
-3.001122e-08,1.0074337e-09,7.862542e-06,-3.372309e-08,-3.3673548e-08,0.5917,0.4215
-3.002643e-08,1.0013537e-09,7.862529e-06,-3.372309e-08,-3.366666e-08,0.5927,0.4225
-2.996063e-08,1.0162775e-09,7.862528e-06,-3.372309e-08,-3.3655112e-08,0.5937,0.4235
-2.9958773e-08,1.0150156e-09,7.862532e-06,-3.372309e-08,-3.3648668e-08,0.5947,0.4245
-2.9930767e-08,1.0206396e-09,7.862547e-06,-3.3724e-08,-3.3641104e-08,0.5957,0.4255
-3.0075817e-08,1.0068416e-09,7.862555e-06,-3.3724e-08,-3.3735994e-08,0.5967,0.4265
-3.008259e-08,1.0181839e-09,7.862555e-06,-3.3724e-08,-3.3783998e-08,0.5977,0.4275
-3.007628e-08,1.0037207e-09,7.862555e-06,-3.3724e-08,-3.372511e-08,0.5987,0.4285
-3.0015737e-08,1.0034411e-09,7.8625435e-06,-3.372491e-08,-3.3663554e-08,0.5997,0.4295
-3.0021656e-08,1.0022398e-09,7.862528e-06,-3.372491e-08,-3.3665106e-08,0.6007,0.4305
-3.0038898e-08,1.0028159e-09,7.862514e-06,-3.372491e-08,-3.3684444e-08,0.6017,0.4315
-3.0085058e-08,1.0151199e-09,7.862506e-06,-3.372491e-08,-3.377533e-08,0.6027,0.4325
-2.998211e-08,1.0243649e-09,7.862528e-06,-3.372491e-08,-3.370599e-08,0.6037,0.4335
-2.9976395e-08,1.0177468e-09,7.8625435e-06,-3.372582e-08,-3.3676216e-08,0.6047,0.4345
-2.998092e-08,1.0191318e-09,7.8625535e-06,-3.372582e-08,-3.3685776e-08,0.6057,0.4355
-3.002017e-08,1.0178086e-09,7.862562e-06,-3.372582e-08,-3.3720216e-08,0.6067,0.4365
-3.0143887e-08,1.015258e-09,7.862572e-06,-3.372582e-08,-3.383466e-08,0.6077,0.4375
-2.9993405e-08,1.0096447e-09,7.862578e-06,-3.372582e-08,-3.366377e-08,0.6087,0.4385
-3.000961e-08,1.0155177e-09,7.862579e-06,-3.3726728e-08,-3.3701326e-08,0.6097,0.4395
-3.0125296e-08,9.964093e-10,7.862571e-06,-3.3726728e-08,-3.374755e-08,0.6107,0.4405
-3.0054437e-08,1.0087499e-09,7.862555e-06,-3.3726728e-08,-3.372155e-08,0.6117,0.4415
-3.012504e-08,1.0047926e-09,7.862554e-06,-3.3726728e-08,-3.377777e-08,0.6127,0.4425
-3.012476e-08,1.0059714e-09,7.862545e-06,-3.3726728e-08,-3.3781774e-08,0.6137,0.4435
-3.0066783e-08,1.0074942e-09,7.862532e-06,-3.3726728e-08,-3.3729332e-08,0.6147,0.4445
-3.0169183e-08,1.0075688e-09,7.862528e-06,-3.3727638e-08,-3.3832002e-08,0.6157,0.4455
-2.9896494e-08,1.0119132e-09,7.862529e-06,-3.3727638e-08,-3.357511e-08,0.6167,0.4465
-3.0031106e-08,1.0239102e-09,7.862534e-06,-3.3727638e-08,-3.3753334e-08,0.6177,0.4475
-2.995296e-08,1.0295721e-09,7.8625635e-06,-3.3727638e-08,-3.369577e-08,0.6187,0.4485
-3.0021493e-08,1.0222748e-09,7.862593e-06,-3.3727638e-08,-3.3737773e-08,0.6197,0.4495
-2.9900637e-08,1.0325963e-09,7.862619e-06,-3.3727638e-08,-3.365444e-08,0.6207,0.4505
-3.0027245e-08,1.0212413e-09,7.862639e-06,-3.3727638e-08,-3.373977e-08,0.6217,0.4515
-3.0102985e-08,1.0071948e-09,7.862648e-06,-3.3727638e-08,-3.3764444e-08,0.6227,0.4525
-3.0072428e-08,1.0034337e-09,7.862636e-06,-3.3727638e-08,-3.3720216e-08,0.6237,0.4535
-2.992066e-08,1.0074663e-09,7.8626235e-06,-3.3727638e-08,-3.3583106e-08,0.6247,0.4545
-3.0033014e-08,1.00902e-09,7.862618e-06,-3.3728547e-08,-3.370111e-08,0.6257,0.4555
-2.99896e-08,1.0174788e-09,7.862621e-06,-3.3728547e-08,-3.3688448e-08,0.6267,0.4565
-2.99662e-08,1.0263601e-09,7.862642e-06,-3.3728547e-08,-3.3697333e-08,0.6277,0.4575
-2.9971922e-08,1.0138435e-09,7.862661e-06,-3.3728547e-08,-3.3657553e-08,0.6287,0.4585
-3.013975e-08,1.0084509e-09,7.862655e-06,-3.3728547e-08,-3.3805776e-08,0.6297,0.4595
-3.0107916e-08,9.890874e-10,7.862639e-06,-3.3728547e-08,-3.370355e-08,0.6307,0.4605
-3.0008778e-08,1.0084129e-09,7.8626135e-06,-3.3728547e-08,-3.3674667e-08,0.6317,0.4615
-2.9971208e-08,1.0152015e-09,7.862622e-06,-3.3728547e-08,-3.3661774e-08,0.6327,0.4625
-3.0109174e-08,1.0079966e-09,7.862624e-06,-3.3728547e-08,-3.377355e-08,0.6337,0.4635
-2.995683e-08,1.0091299e-09,7.862619e-06,-3.3728547e-08,-3.3625327e-08,0.6347,0.4645
-3.0095592e-08,1.012711e-09,7.862614e-06,-3.3728547e-08,-3.377711e-08,0.6357,0.4655
-3.004671e-08,1.0183344e-09,7.862619e-06,-3.3728547e-08,-3.374867e-08,0.6367,0.4665
-3.0122674e-08,1.0083812e-09,7.862627e-06,-3.3728547e-08,-3.3788446e-08,0.6377,0.4675
-3.0039324e-08,1.0196917e-09,7.862631e-06,-3.3728547e-08,-3.3746215e-08,0.6387,0.4685
-2.9975826e-08,1.0109966e-09,7.862639e-06,-3.3727638e-08,-3.365111e-08,0.6397,0.4695
-3.0023305e-08,1.0223252e-09,7.862651e-06,-3.3727638e-08,-3.373977e-08,0.6407,0.4705
-3.001937e-08,1.0091675e-09,7.862655e-06,-3.3727638e-08,-3.3688e-08,0.6417,0.4715
-3.0162315e-08,1.0060341e-09,7.862652e-06,-3.3727638e-08,-3.3819557e-08,0.6427,0.4725
-3.0082546e-08,9.958835e-10,7.862632e-06,-3.3727638e-08,-3.370289e-08,0.6437,0.4735
-3.013191e-08,1.0077326e-09,7.862614e-06,-3.3727638e-08,-3.3795327e-08,0.6447,0.4745
-3.0112425e-08,1.0148059e-09,7.862619e-06,-3.3727638e-08,-3.3801555e-08,0.6457,0.4755
-3.0135695e-08,1.0109118e-09,7.8626235e-06,-3.3727638e-08,-3.3810668e-08,0.6467,0.4765
-3.01213e-08,1.0131587e-09,7.862624e-06,-3.3727638e-08,-3.380444e-08,0.6477,0.4775
-3.0040283e-08,1.0214453e-09,7.862633e-06,-3.3726728e-08,-3.375355e-08,0.6487,0.4785
-3.000468e-08,1.0231084e-09,7.862655e-06,-3.3726728e-08,-3.3723992e-08,0.6497,0.4795
-3.0059937e-08,1.0151229e-09,7.862666e-06,-3.3726728e-08,-3.375022e-08,0.6507,0.4805
-2.9991746e-08,1.0113843e-09,7.862672e-06,-3.3726728e-08,-3.366844e-08,0.6517,0.4815
-3.008377e-08,1.019387e-09,7.862675e-06,-3.3726728e-08,-3.3789554e-08,0.6527,0.4825
-3.011365e-08,1.0152624e-09,7.862687e-06,-3.372582e-08,-3.380444e-08,0.6537,0.4835
-3.0067273e-08,1.0085203e-09,7.862689e-06,-3.372582e-08,-3.3733553e-08,0.6547,0.4845
-3.0158745e-08,9.963784e-10,7.8626745e-06,-3.372582e-08,-3.3780886e-08,0.6557,0.4855
-3.0095308e-08,1.0093061e-09,7.862659e-06,-3.372582e-08,-3.3764444e-08,0.6567,0.4865
-3.0016704e-08,1.0277496e-09,7.862671e-06,-3.372491e-08,-3.375289e-08,0.6577,0.4875
-3.012172e-08,1.0088254e-09,7.862689e-06,-3.372491e-08,-3.378911e-08,0.6587,0.4885
-3.006269e-08,1.0111865e-09,7.862682e-06,-3.372491e-08,-3.3738665e-08,0.6597,0.4895
-3.0016054e-08,1.0153949e-09,7.862684e-06,-3.3724e-08,-3.3707327e-08,0.6607,0.4905
-2.999893e-08,1.0236515e-09,7.8627e-06,-3.3724e-08,-3.3720216e-08,0.6617,0.4915
-3.0076e-08,1.0137609e-09,7.8627145e-06,-3.3724e-08,-3.376133e-08,0.6627,0.4925
-2.9995896e-08,1.0200236e-09,7.862719e-06,-3.372309e-08,-3.3703994e-08,0.6637,0.4935
-2.9968042e-08,1.0168656e-09,7.862735e-06,-3.372309e-08,-3.3664662e-08,0.6647,0.4945
-3.0128504e-08,1.0018852e-09,7.862728e-06,-3.372309e-08,-3.377066e-08,0.6657,0.4955
-3.0034755e-08,1.0141644e-09,7.862725e-06,-3.372218e-08,-3.372155e-08,0.6667,0.4965
-3.0005854e-08,1.0086642e-09,7.862728e-06,-3.372218e-08,-3.367266e-08,0.6677,0.4975
-3.0023887e-08,1.0055997e-09,7.862723e-06,-3.372218e-08,-3.3679548e-08,0.6687,0.4985
-3.003097e-08,1.0161207e-09,7.862721e-06,-3.372127e-08,-3.3724884e-08,0.6697,0.4995
-2.9984736e-08,1.0142911e-09,7.862732e-06,-3.372127e-08,-3.3671995e-08,0.6707,0.5005
-3.0075288e-08,1.0154845e-09,7.86273e-06,-3.372036e-08,-3.3766888e-08,0.6717,0.5015
-2.996763e-08,1.0175283e-09,7.8627445e-06,-3.372036e-08,-3.366666e-08,0.6727,0.5025
-2.993039e-08,1.0249606e-09,7.8627545e-06,-3.3719452e-08,-3.3656438e-08,0.6737,0.5035
-3.001724e-08,1.0151318e-09,7.8627745e-06,-3.3719452e-08,-3.3707554e-08,0.6747,0.5045
-3.006524e-08,1.0156814e-09,7.862783e-06,-3.3718543e-08,-3.3757555e-08,0.6757,0.5055
-2.989789e-08,1.0162369e-09,7.862786e-06,-3.3718543e-08,-3.3592222e-08,0.6767,0.5065
-2.9970778e-08,1.004559e-09,7.86279e-06,-3.3717633e-08,-3.362266e-08,0.6777,0.5075
-2.994669e-08,1.0088033e-09,7.862779e-06,-3.3717633e-08,-3.3614e-08,0.6787,0.5085
-3.0072e-08,1.0121092e-09,7.862781e-06,-3.3716724e-08,-3.3751327e-08,0.6797,0.5095
-2.9995462e-08,1.0120752e-09,7.862782e-06,-3.3715814e-08,-3.3674667e-08,0.6807,0.5105
-3.009115e-08,1.0127719e-09,7.862782e-06,-3.3715814e-08,-3.377289e-08,0.6817,0.5115
-2.9983145e-08,1.0006707e-09,7.862782e-06,-3.3714905e-08,-3.362089e-08,0.6827,0.5125
-3.0017397e-08,1.0157004e-09,7.862775e-06,-3.3714905e-08,-3.3709778e-08,0.6837,0.5135
-2.99175e-08,1.0269778e-09,7.86279e-06,-3.3713995e-08,-3.365088e-08,0.6847,0.5145
-2.990168e-08,1.0263181e-09,7.862818e-06,-3.3713086e-08,-3.3632663e-08,0.6857,0.5155
-2.9963903e-08,1.0176378e-09,7.862832e-06,-3.3713086e-08,-3.3663326e-08,0.6867,0.5165
-3.0002514e-08,1.0160033e-09,7.8628445e-06,-3.3712176e-08,-3.3695997e-08,0.6877,0.5175
-2.9978988e-08,1.0207623e-09,7.862851e-06,-3.3711267e-08,-3.368977e-08,0.6887,0.5185
-3.0014018e-08,9.973717e-10,7.862853e-06,-3.3711267e-08,-3.363977e-08,0.6897,0.5195
-2.998324e-08,9.953854e-10,7.862824e-06,-3.3710357e-08,-3.360177e-08,0.6907,0.5205
-3.0036464e-08,1.0121661e-09,7.8628145e-06,-3.3709448e-08,-3.3715995e-08,0.6917,0.5215
-3.0065852e-08,1.0058544e-09,7.862813e-06,-3.3708538e-08,-3.372244e-08,0.6927,0.5225
-2.994555e-08,1.0055082e-09,7.8628e-06,-3.3708538e-08,-3.360088e-08,0.6937,0.5235
-3.003902e-08,1.0121975e-09,7.862802e-06,-3.370763e-08,-3.3718667e-08,0.6947,0.5245
-2.9967012e-08,1.0252206e-09,7.862815e-06,-3.370672e-08,-3.3694e-08,0.6957,0.5255
-2.9932192e-08,1.0105887e-09,7.862822e-06,-3.370581e-08,-3.3605993e-08,0.6967,0.5265
-3.0139784e-08,1.0140045e-09,7.862826e-06,-3.37049e-08,-3.3826e-08,0.6977,0.5275
-2.98879e-08,1.0338375e-09,7.862843e-06,-3.37049e-08,-3.3646216e-08,0.6987,0.5285
-2.979534e-08,1.0210329e-09,7.862873e-06,-3.370399e-08,-3.3507106e-08,0.6997,0.5295
-2.997838e-08,1.0224572e-09,7.86289e-06,-3.370308e-08,-3.3695326e-08,0.7007,0.5305
-2.994951e-08,1.0127339e-09,7.862901e-06,-3.370217e-08,-3.363111e-08,0.7017,0.5315
-2.998612e-08,1.0117114e-09,7.862903e-06,-3.3701262e-08,-3.3663998e-08,0.7027,0.5325
-2.9835338e-08,1.013209e-09,7.862904e-06,-3.3700353e-08,-3.3518663e-08,0.7037,0.5335
-2.992601e-08,1.0240886e-09,7.86292e-06,-3.3699443e-08,-3.3648885e-08,0.7047,0.5345
-3.00193e-08,1.0097353e-09,7.8629255e-06,-3.3698534e-08,-3.3689997e-08,0.7057,0.5355
-2.9885193e-08,1.0281018e-09,7.862942e-06,-3.3697624e-08,-3.362266e-08,0.7067,0.5365
-2.9975553e-08,1.0138832e-09,7.862958e-06,-3.3696715e-08,-3.366133e-08,0.7077,0.5375
-2.9990677e-08,1.002019e-09,7.86295e-06,-3.3695805e-08,-3.3633324e-08,0.7087,0.5385
-2.9900807e-08,1.0115206e-09,7.862944e-06,-3.3694896e-08,-3.3577997e-08,0.7097,0.5395
-3.003898e-08,1.0039555e-09,7.862942e-06,-3.3693986e-08,-3.3688664e-08,0.7107,0.5405
-2.9918723e-08,1.012888e-09,7.862929e-06,-3.3693077e-08,-3.360088e-08,0.7117,0.5415
-2.998474e-08,1.0077511e-09,7.862937e-06,-3.3692167e-08,-3.3648224e-08,0.7127,0.5425
-3.0036862e-08,1.011507e-09,7.862927e-06,-3.3691258e-08,-3.3714e-08,0.7137,0.5435
-3.000472e-08,1.0087348e-09,7.862928e-06,-3.369035e-08,-3.367178e-08,0.7147,0.5445
-3.0071266e-08,1.004303e-09,7.862927e-06,-3.368944e-08,-3.3722213e-08,0.7157,0.5455
-3.009494e-08,1.004148e-09,7.862914e-06,-3.368853e-08,-3.3745327e-08,0.7167,0.5465
-3.0003218e-08,1.0117149e-09,7.862906e-06,-3.368762e-08,-3.368111e-08,0.7177,0.5475
-3.0051616e-08,1.0065321e-09,7.8629055e-06,-3.368671e-08,-3.371067e-08,0.7187,0.5485
-2.9965737e-08,1.0006301e-09,7.862896e-06,-3.36858e-08,-3.360333e-08,0.7197,0.5495
-3.0022154e-08,1.004121e-09,7.862877e-06,-3.368489e-08,-3.3672443e-08,0.7207,0.5505
-3.0045957e-08,1.0113274e-09,7.862869e-06,-3.3683072e-08,-3.372244e-08,0.7217,0.5515
-2.997706e-08,1.0281398e-09,7.862887e-06,-3.3682163e-08,-3.3714663e-08,0.7227,0.5525
-3.0015293e-08,1.0136496e-09,7.862907e-06,-3.3681253e-08,-3.3700218e-08,0.7237,0.5535
-2.9936814e-08,1.0188537e-09,7.862907e-06,-3.3680344e-08,-3.364066e-08,0.7247,0.5545
-2.997103e-08,1.0151874e-09,7.862921e-06,-3.3679434e-08,-3.3661546e-08,0.7257,0.5555
-3.0008476e-08,1.0193755e-09,7.862932e-06,-3.3677615e-08,-3.3714215e-08,0.7267,0.5565
-2.9921793e-08,9.994531e-10,7.862928e-06,-3.3676706e-08,-3.355511e-08,0.7277,0.5575
-3.000431e-08,9.997975e-10,7.862907e-06,-3.3675796e-08,-3.363888e-08,0.7287,0.5585
-3.0062598e-08,1.0162867e-09,7.862901e-06,-3.3674887e-08,-3.375711e-08,0.7297,0.5595
-3.0140956e-08,1.00708e-09,7.862899e-06,-3.3673068e-08,-3.3802e-08,0.7307,0.5605
-3.0034645e-08,9.88396e-10,7.86288e-06,-3.367216e-08,-3.3627767e-08,0.7317,0.5615
-3.014254e-08,1.0018738e-09,7.862857e-06,-3.367125e-08,-3.378466e-08,0.7327,0.5625
-3.001267e-08,1.0062403e-09,7.862848e-06,-3.366943e-08,-3.3670663e-08,0.7337,0.5635
-3.0061944e-08,1.0179945e-09,7.862845e-06,-3.366852e-08,-3.3762667e-08,0.7347,0.5645
-3.014208e-08,1.0027983e-09,7.862847e-06,-3.366761e-08,-3.3787558e-08,0.7357,0.5655
-3.012245e-08,1.0053228e-09,7.862841e-06,-3.3665792e-08,-3.377711e-08,0.7367,0.5665
-3.0097112e-08,9.971329e-10,7.86282e-06,-3.3664882e-08,-3.3721996e-08,0.7377,0.5675
-3.0186293e-08,9.881884e-10,7.862793e-06,-3.3663063e-08,-3.3778658e-08,0.7387,0.5685
-3.0128327e-08,1.0015069e-09,7.862762e-06,-3.3662154e-08,-3.3769112e-08,0.7397,0.5695
-3.011843e-08,1.0110138e-09,7.862752e-06,-3.3661244e-08,-3.3793775e-08,0.7407,0.5705
-3.001927e-08,1.0359064e-09,7.862776e-06,-3.3659425e-08,-3.3785106e-08,0.7417,0.5715
-3.0233537e-08,1.016885e-09,7.862804e-06,-3.3658516e-08,-3.3930224e-08,0.7427,0.5725
-3.006579e-08,1.0270215e-09,7.862822e-06,-3.3656697e-08,-3.379933e-08,0.7437,0.5735
-3.0097556e-08,1.0077688e-09,7.862828e-06,-3.3655787e-08,-3.3761104e-08,0.7447,0.5745
-3.0146563e-08,1.0148894e-09,7.862826e-06,-3.365397e-08,-3.3835995e-08,0.7457,0.5755
-3.008733e-08,1.0219534e-09,7.862837e-06,-3.365306e-08,-3.3802444e-08,0.7467,0.5765
-3.0023923e-08,1.0220961e-09,7.862863e-06,-3.365124e-08,-3.3739553e-08,0.7477,0.5775
-3.005658e-08,1.0238104e-09,7.86288e-06,-3.365033e-08,-3.377844e-08,0.7487,0.5785
-3.000613e-08,1.0287006e-09,7.862898e-06,-3.364851e-08,-3.374577e-08,0.7497,0.5795
-3.006119e-08,1.0259027e-09,7.862933e-06,-3.3647602e-08,-3.379066e-08,0.7507,0.5805
-3.0117214e-08,1.0221084e-09,7.862948e-06,-3.3645783e-08,-3.383289e-08,0.7517,0.5815
-2.9976917e-08,1.0232895e-09,7.862971e-06,-3.3644874e-08,-3.369689e-08,0.7527,0.5825
-2.9926817e-08,1.01641e-09,7.862989e-06,-3.3643055e-08,-3.3621777e-08,0.7537,0.5835
-2.9995967e-08,1.0090624e-09,7.862982e-06,-3.3642145e-08,-3.3664215e-08,0.7547,0.5845
-3.0015688e-08,1.0120129e-09,7.8629855e-06,-3.3640326e-08,-3.3694665e-08,0.7557,0.5855
-2.986359e-08,1.0286061e-09,7.862998e-06,-3.3639417e-08,-3.3602888e-08,0.7567,0.5865
-2.9984708e-08,1.0221848e-09,7.8630255e-06,-3.3637598e-08,-3.3700665e-08,0.7577,0.5875
-2.9878347e-08,1.018126e-09,7.863039e-06,-3.363578e-08,-3.3579546e-08,0.7587,0.5885
-2.993328e-08,1.021232e-09,7.863053e-06,-3.363487e-08,-3.364577e-08,0.7597,0.5895
-2.9984378e-08,1.0282043e-09,7.8630765e-06,-3.363305e-08,-3.3722213e-08,0.7607,0.5905
-2.983804e-08,1.0228555e-09,7.8630965e-06,-3.363123e-08,-3.3556436e-08,0.7617,0.5915
-2.98368e-08,1.0159229e-09,7.86311e-06,-3.363032e-08,-3.3529993e-08,0.7627,0.5925
-2.9846305e-08,1.0236387e-09,7.863126e-06,-3.3628503e-08,-3.3567545e-08,0.7637,0.5935
-2.9844056e-08,1.0109935e-09,7.863138e-06,-3.3627593e-08,-3.3519324e-08,0.7647,0.5945
-2.9767417e-08,1.0164254e-09,7.863141e-06,-3.3625774e-08,-3.3462435e-08,0.7657,0.5955
-2.9934316e-08,1.0102492e-09,7.863146e-06,-3.3623955e-08,-3.360688e-08,0.7667,0.5965
-2.981108e-08,1.0213481e-09,7.863147e-06,-3.3623046e-08,-3.3523992e-08,0.7677,0.5975
-2.9931613e-08,1.0183887e-09,7.86317e-06,-3.3621227e-08,-3.3633768e-08,0.7687,0.5985
-2.987341e-08,1.0114165e-09,7.863174e-06,-3.3619408e-08,-3.355022e-08,0.7697,0.5995
-2.9881356e-08,1.0076399e-09,7.863171e-06,-3.3618498e-08,-3.3544435e-08,0.7707,0.6005
-2.9983273e-08,1.0090081e-09,7.8631665e-06,-3.361668e-08,-3.3651325e-08,0.7717,0.6015
-2.9793862e-08,1.0208276e-09,7.8631765e-06,-3.361486e-08,-3.3504882e-08,0.7727,0.6025
-2.9857606e-08,1.012707e-09,7.863181e-06,-3.361304e-08,-3.3539106e-08,0.7737,0.6035
-3.001157e-08,9.951113e-10,7.863174e-06,-3.361213e-08,-3.3629103e-08,0.7747,0.6045
-2.991268e-08,9.955395e-10,7.863143e-06,-3.3610313e-08,-3.3531773e-08,0.7757,0.6055
-3.0040564e-08,1.0059044e-09,7.863132e-06,-3.3608494e-08,-3.3697333e-08,0.7767,0.6065
-3.0002745e-08,1.007809e-09,7.863119e-06,-3.3607584e-08,-3.3666442e-08,0.7777,0.6075
-2.9909025e-08,1.0294321e-09,7.863134e-06,-3.3605765e-08,-3.3651325e-08,0.7787,0.6085
-2.9825618e-08,1.0312882e-09,7.863164e-06,-3.3603946e-08,-3.3574665e-08,0.7797,0.6095
-2.9846042e-08,1.0198612e-09,7.863185e-06,-3.3602127e-08,-3.3553547e-08,0.7807,0.6105
-2.9785687e-08,1.0272939e-09,7.8632065e-06,-3.3601218e-08,-3.3520216e-08,0.7817,0.6115
-2.9913952e-08,1.0207428e-09,7.863234e-06,-3.35994e-08,-3.3624666e-08,0.7827,0.6125
-2.975279e-08,1.025523e-09,7.863249e-06,-3.359758e-08,-3.348088e-08,0.7837,0.6135
-2.990301e-08,1.0136042e-09,7.863266e-06,-3.359576e-08,-3.358777e-08,0.7847,0.6145
-2.9799345e-08,1.0105767e-09,7.863269e-06,-3.359485e-08,-3.34731e-08,0.7857,0.6155
-2.989963e-08,1.0010844e-09,7.863256e-06,-3.3593032e-08,-3.353888e-08,0.7867,0.6165
-2.995836e-08,1.007915e-09,7.86325e-06,-3.3591213e-08,-3.362244e-08,0.7877,0.6175
-2.980361e-08,1.0149084e-09,7.8632465e-06,-3.3589394e-08,-3.349311e-08,0.7887,0.6185
-2.9871998e-08,1.0105211e-09,7.86325e-06,-3.3588485e-08,-3.354555e-08,0.7897,0.6195
-2.9820754e-08,1.0114752e-09,7.863256e-06,-3.3586666e-08,-3.3497777e-08,0.7907,0.6205
-2.9907138e-08,1.0039706e-09,7.863246e-06,-3.3584847e-08,-3.355688e-08,0.7917,0.6215
-2.99153e-08,1.0157882e-09,7.863238e-06,-3.3583028e-08,-3.3608e-08,0.7927,0.6225
-2.9823415e-08,1.0182625e-09,7.8632565e-06,-3.358212e-08,-3.3525108e-08,0.7937,0.6235
-2.990798e-08,1.010405e-09,7.8632565e-06,-3.35803e-08,-3.358111e-08,0.7947,0.6245
-2.9861248e-08,1.0066942e-09,7.86325e-06,-3.357848e-08,-3.3520887e-08,0.7957,0.6255
-2.989653e-08,1.0108023e-09,7.863249e-06,-3.357666e-08,-3.3571105e-08,0.7967,0.6265
-2.998154e-08,1.0055745e-09,7.863247e-06,-3.3575752e-08,-3.363711e-08,0.7977,0.6275
-2.9902434e-08,1.0090562e-09,7.86324e-06,-3.3573933e-08,-3.357066e-08,0.7987,0.6285
-2.9793842e-08,1.0110518e-09,7.863238e-06,-3.3572114e-08,-3.3469323e-08,0.7997,0.6295
-2.9784344e-08,1.0132973e-09,7.863245e-06,-3.3571204e-08,-3.346799e-08,0.8007,0.6305
-2.9831373e-08,1.0027458e-09,7.863235e-06,-3.3569385e-08,-3.347666e-08,0.8017,0.6315
-2.9862285e-08,1.009892e-09,7.863227e-06,-3.3567567e-08,-3.353355e-08,0.8027,0.6325
-2.9880443e-08,1.0171225e-09,7.863235e-06,-3.3565748e-08,-3.3577997e-08,0.8037,0.6335
-2.9941432e-08,1.0155653e-09,7.863239e-06,-3.3564838e-08,-3.3633324e-08,0.8047,0.6345
-2.9830908e-08,1.0081295e-09,7.863238e-06,-3.356302e-08,-3.349577e-08,0.8057,0.6355
-2.9845467e-08,1.0242992e-09,7.863252e-06,-3.35612e-08,-3.356911e-08,0.8067,0.6365
-2.9817375e-08,1.014055e-09,7.863265e-06,-3.356029e-08,-3.3503778e-08,0.8077,0.6375
-2.9973126e-08,9.973731e-10,7.863251e-06,-3.355847e-08,-3.3598884e-08,0.8087,0.6385
-2.984074e-08,1.009583e-09,7.863244e-06,-3.3556653e-08,-3.3510883e-08,0.8097,0.6395
-2.991677e-08,1.0111034e-09,7.86324e-06,-3.3555743e-08,-3.359244e-08,0.8107,0.6405
-2.9886603e-08,1.0105392e-09,7.86324e-06,-3.3553924e-08,-3.3560223e-08,0.8117,0.6415
-2.989974e-08,1.000812e-09,7.863234e-06,-3.3552105e-08,-3.3538e-08,0.8127,0.6425
-2.987311e-08,1.0159014e-09,7.863226e-06,-3.3551196e-08,-3.3566224e-08,0.8137,0.6435
-3.0014657e-08,1.0163318e-09,7.863239e-06,-3.3549377e-08,-3.3709334e-08,0.8147,0.6445
-2.996915e-08,1.0122214e-09,7.863244e-06,-3.3547558e-08,-3.3648885e-08,0.8157,0.6455
-2.9905042e-08,1.015308e-09,7.8632465e-06,-3.3546648e-08,-3.3596e-08,0.8167,0.6465
-2.9863713e-08,1.0090722e-09,7.863243e-06,-3.354483e-08,-3.3532e-08,0.8177,0.6475
-2.984919e-08,1.0054854e-09,7.863239e-06,-3.354392e-08,-3.350444e-08,0.8187,0.6485
-2.9861717e-08,1.0247182e-09,7.863244e-06,-3.35421e-08,-3.3586883e-08,0.8197,0.6495
-2.9857002e-08,1.0238153e-09,7.863274e-06,-3.354028e-08,-3.3578885e-08,0.8207,0.6505
-2.9820757e-08,1.003344e-09,7.863273e-06,-3.3539372e-08,-3.346822e-08,0.8217,0.6515
-2.9751757e-08,1.0117489e-09,7.863268e-06,-3.3537553e-08,-3.3429775e-08,0.8227,0.6525
-2.9843214e-08,1.0096373e-09,7.863265e-06,-3.3536644e-08,-3.3513555e-08,0.8237,0.6535
-2.993509e-08,1.0041679e-09,7.863267e-06,-3.3534825e-08,-3.3585547e-08,0.8247,0.6545
-3.000033e-08,1.0125096e-09,7.863254e-06,-3.3533915e-08,-3.368111e-08,0.8257,0.6555
-2.990807e-08,1.0163707e-09,7.863259e-06,-3.3532096e-08,-3.3602888e-08,0.8267,0.6565
-2.9848792e-08,1.0144597e-09,7.8632675e-06,-3.3531187e-08,-3.3536665e-08,0.8277,0.6575
-2.9860402e-08,1.0270382e-09,7.863286e-06,-3.3530277e-08,-3.3594002e-08,0.8287,0.6585
-2.9845122e-08,1.0155291e-09,7.863301e-06,-3.352846e-08,-3.353688e-08,0.8297,0.6595
-2.9856437e-08,1.0150462e-09,7.863312e-06,-3.352755e-08,-3.3546442e-08,0.8307,0.6605
-2.9914947e-08,1.0169234e-09,7.863318e-06,-3.352573e-08,-3.3611773e-08,0.8317,0.6615
-2.9855816e-08,1.0201067e-09,7.863332e-06,-3.352482e-08,-3.3564216e-08,0.8327,0.6625
-2.9848692e-08,1.0086191e-09,7.863334e-06,-3.352391e-08,-3.351533e-08,0.8337,0.6635
-2.9823426e-08,1.0112898e-09,7.8633275e-06,-3.352209e-08,-3.3499774e-08,0.8347,0.6645
-2.9944218e-08,1.004469e-09,7.863327e-06,-3.3521182e-08,-3.3595768e-08,0.8357,0.6655
-2.9810504e-08,1.01576e-09,7.863322e-06,-3.3520273e-08,-3.3503103e-08,0.8367,0.6665
-2.99064e-08,9.987956e-10,7.863316e-06,-3.3519363e-08,-3.3537326e-08,0.8377,0.6675
-2.9898708e-08,1.015949e-09,7.863316e-06,-3.3517544e-08,-3.3591995e-08,0.8387,0.6685
-2.987342e-08,1.0229053e-09,7.8633275e-06,-3.3516635e-08,-3.3591995e-08,0.8397,0.6695
-2.9787039e-08,1.0076673e-09,7.863336e-06,-3.3515725e-08,-3.3450217e-08,0.8407,0.6705
-2.975286e-08,1.0156629e-09,7.863334e-06,-3.3514816e-08,-3.3445104e-08,0.8417,0.6715
-2.982807e-08,1.0182656e-09,7.8633475e-06,-3.3513906e-08,-3.3529776e-08,0.8427,0.6725
-2.9871515e-08,1.0088814e-09,7.863348e-06,-3.3512997e-08,-3.3539106e-08,0.8437,0.6735
-2.9888316e-08,1.0158735e-09,7.86335e-06,-3.3512087e-08,-3.3581326e-08,0.8447,0.6745
-2.991499e-08,1.017338e-09,7.863359e-06,-3.3511178e-08,-3.3613325e-08,0.8457,0.6755
-2.9913753e-08,1.0089388e-09,7.863359e-06,-3.351027e-08,-3.3581554e-08,0.8467,0.6765
-2.98545e-08,1.0131344e-09,7.863362e-06,-3.350936e-08,-3.3537553e-08,0.8477,0.6775
-2.9834496e-08,1.0193089e-09,7.863369e-06,-3.350845e-08,-3.3539997e-08,0.8487,0.6785
-2.97481e-08,1.0061519e-09,7.863369e-06,-3.350754e-08,-3.3405772e-08,0.8497,0.6795
-2.9909444e-08,1.0121393e-09,7.86337e-06,-3.350663e-08,-3.358888e-08,0.8507,0.6805
-2.9773089e-08,1.0272763e-09,7.86339e-06,-3.350572e-08,-3.3507554e-08,0.8517,0.6815
-2.9863624e-08,1.0142306e-09,7.863402e-06,-3.350481e-08,-3.3550663e-08,0.8527,0.6825
-2.9890032e-08,1.0004265e-09,7.863393e-06,-3.3503902e-08,-3.3526888e-08,0.8537,0.6835
-2.987185e-08,1.0038376e-09,7.8633775e-06,-3.3503902e-08,-3.3521104e-08,0.8547,0.6845
-2.9826502e-08,1.0132549e-09,7.863379e-06,-3.3502992e-08,-3.3509995e-08,0.8557,0.6855
-2.9828115e-08,1.0178223e-09,7.863382e-06,-3.3502083e-08,-3.3528213e-08,0.8567,0.6865
-2.9747689e-08,1.021915e-09,7.8634e-06,-3.3502083e-08,-3.3462662e-08,0.8577,0.6875
-2.985486e-08,1.0129728e-09,7.863412e-06,-3.3501173e-08,-3.3537326e-08,0.8587,0.6885
-2.9739335e-08,1.0196285e-09,7.863421e-06,-3.3500264e-08,-3.3445996e-08,0.8597,0.6895
-2.994924e-08,1.0108501e-09,7.863422e-06,-3.3500264e-08,-3.362399e-08,0.8607,0.6905
-2.9748724e-08,1.0225464e-09,7.863436e-06,-3.3499354e-08,-3.3465994e-08,0.8617,0.6915
-2.9810955e-08,1.0175314e-09,7.8634475e-06,-3.3499354e-08,-3.3509995e-08,0.8627,0.6925
-2.97693e-08,1.0083887e-09,7.86345e-06,-3.3499354e-08,-3.34351e-08,0.8637,0.6935
-2.9885438e-08,1.0185013e-09,7.863453e-06,-3.3498445e-08,-3.3588e-08,0.8647,0.6945
-2.980217e-08,1.0200705e-09,7.863467e-06,-3.3498445e-08,-3.351044e-08,0.8657,0.6955
-2.9766131e-08,1.0162929e-09,7.863482e-06,-3.3498445e-08,-3.3460665e-08,0.8667,0.6965
-2.9846614e-08,1.0157308e-09,7.863485e-06,-3.3497535e-08,-3.3539106e-08,0.8677,0.6975
-2.976737e-08,1.0110593e-09,7.863492e-06,-3.3497535e-08,-3.344288e-08,0.8687,0.6985
-2.9732986e-08,1.0107997e-09,7.86349e-06,-3.3497535e-08,-3.3407552e-08,0.8697,0.6995
-2.983351e-08,1.0005069e-09,7.86348e-06,-3.3497535e-08,-3.347066e-08,0.8707,0.7005
-2.992312e-08,1.0009802e-09,7.863464e-06,-3.3497535e-08,-3.3561992e-08,0.8717,0.7015
-2.992516e-08,1.0048817e-09,7.863452e-06,-3.3497535e-08,-3.3578214e-08,0.8727,0.7025
-2.9859336e-08,1.0113149e-09,7.863448e-06,-3.3497535e-08,-3.3535777e-08,0.8737,0.7035
-2.9861628e-08,1.0106849e-09,7.863443e-06,-3.3497535e-08,-3.3535777e-08,0.8747,0.7045
-2.981011e-08,1.0177039e-09,7.863454e-06,-3.3497535e-08,-3.3509778e-08,0.8757,0.7055
-2.9758342e-08,1.0257093e-09,7.863468e-06,-3.3497535e-08,-3.3487108e-08,0.8767,0.7065
-2.981981e-08,1.0080046e-09,7.863476e-06,-3.3498445e-08,-3.3484213e-08,0.8777,0.7075
-2.9861955e-08,1.0114487e-09,7.863478e-06,-3.3498445e-08,-3.353888e-08,0.8787,0.7085
-2.9762726e-08,1.021629e-09,7.863489e-06,-3.3498445e-08,-3.347666e-08,0.8797,0.7095
-2.9833785e-08,1.0055061e-09,7.863497e-06,-3.3499354e-08,-3.3489105e-08,0.8807,0.7105
-2.9806944e-08,1.0078152e-09,7.863479e-06,-3.3499354e-08,-3.347066e-08,0.8817,0.7115
-2.983624e-08,1.0108809e-09,7.863482e-06,-3.3500264e-08,-3.35111e-08,0.8827,0.7125
-2.9770753e-08,1.0076218e-09,7.863477e-06,-3.3500264e-08,-3.3433768e-08,0.8837,0.7135
-3.00002e-08,1.0086911e-09,7.863475e-06,-3.3501173e-08,-3.3667103e-08,0.8847,0.7145
-2.985363e-08,9.961965e-10,7.863462e-06,-3.3502083e-08,-3.3475107e-08,0.8857,0.7155
-2.9846117e-08,1.0033966e-09,7.863439e-06,-3.3502992e-08,-3.3493773e-08,0.8867,0.7165
-2.9881296e-08,1.01756e-09,7.863445e-06,-3.3502992e-08,-3.3580438e-08,0.8877,0.7175
-2.9902928e-08,1.0081855e-09,7.863444e-06,-3.3503902e-08,-3.3567993e-08,0.8887,0.7185
-2.9834048e-08,1.0183313e-09,7.863444e-06,-3.350481e-08,-3.3535994e-08,0.8897,0.7195
-2.9841424e-08,1.0263284e-09,7.863463e-06,-3.350572e-08,-3.357244e-08,0.8907,0.7205
-2.9756698e-08,1.0122222e-09,7.863478e-06,-3.350663e-08,-3.3436436e-08,0.8917,0.7215
-2.9863788e-08,1.0229875e-09,7.863493e-06,-3.350845e-08,-3.3582662e-08,0.8927,0.7225
-2.9844383e-08,1.0216634e-09,7.863509e-06,-3.350936e-08,-3.3558443e-08,0.8937,0.7235
-2.9751046e-08,1.0224572e-09,7.8635285e-06,-3.351027e-08,-3.346799e-08,0.8947,0.7245
-2.9894153e-08,1.0197089e-09,7.863546e-06,-3.3512087e-08,-3.3601108e-08,0.8957,0.7255
-2.9821557e-08,1.0170598e-09,7.863552e-06,-3.3512997e-08,-3.351888e-08,0.8967,0.7265
-2.9769184e-08,1.0134946e-09,7.863565e-06,-3.3513906e-08,-3.345355e-08,0.8977,0.7275
-2.9713494e-08,1.003873e-09,7.863558e-06,-3.3515725e-08,-3.3362877e-08,0.8987,0.7285
-2.981502e-08,9.95997e-10,7.863539e-06,-3.3517544e-08,-3.3435775e-08,0.8997,0.7295
-2.9870098e-08,1.0112258e-09,7.863529e-06,-3.3518454e-08,-3.3546215e-08,0.9007,0.7305
-2.9863568e-08,1.001835e-09,7.863519e-06,-3.3520273e-08,-3.3505547e-08,0.9017,0.7315
-2.9792586e-08,1.0049171e-09,7.863505e-06,-3.352209e-08,-3.344577e-08,0.9027,0.7325
-2.9772313e-08,1.0196634e-09,7.8635085e-06,-3.352391e-08,-3.34791e-08,0.9037,0.7335
-2.9866154e-08,1.008156e-09,7.863515e-06,-3.352573e-08,-3.353111e-08,0.9047,0.7345
-2.9816515e-08,1.0078112e-09,7.8635085e-06,-3.352755e-08,-3.348022e-08,0.9057,0.7355
-2.9854448e-08,1.0037948e-09,7.863492e-06,-3.3530277e-08,-3.350355e-08,0.9067,0.7365
-2.983678e-08,1.0055979e-09,7.863491e-06,-3.3532096e-08,-3.3492437e-08,0.9077,0.7375
-2.9746241e-08,1.0168717e-09,7.863496e-06,-3.3533915e-08,-3.344288e-08,0.9087,0.7385
-2.9821024e-08,1.0023538e-09,7.863484e-06,-3.3536644e-08,-3.3464886e-08,0.9097,0.7395
-2.9893304e-08,9.973868e-10,7.863469e-06,-3.3538463e-08,-3.3519107e-08,0.9107,0.7405
-2.987033e-08,9.974715e-10,7.863446e-06,-3.354119e-08,-3.349644e-08,0.9117,0.7415
-2.991525e-08,1.0143326e-09,7.863439e-06,-3.354392e-08,-3.360266e-08,0.9127,0.7425
-2.9837345e-08,1.0103348e-09,7.863434e-06,-3.3546648e-08,-3.3510222e-08,0.9137,0.7435
-2.9927506e-08,1.0121847e-09,7.863443e-06,-3.3549377e-08,-3.3607108e-08,0.9147,0.7445
-2.985953e-08,1.0016614e-09,7.863437e-06,-3.3552105e-08,-3.350088e-08,0.9157,0.7455
-2.9932025e-08,1.0015873e-09,7.8634175e-06,-3.3554834e-08,-3.35731e-08,0.9167,0.7465
-2.986642e-08,1.0097335e-09,7.863411e-06,-3.3557562e-08,-3.353711e-08,0.9177,0.7475
-2.990969e-08,1.0060813e-09,7.86341e-06,-3.356029e-08,-3.35671e-08,0.9187,0.7485
-2.9843072e-08,9.975722e-10,7.863388e-06,-3.356393e-08,-3.3469554e-08,0.9197,0.7495
