tipSampleSeparation,vDeflection,height,head-height,smoothedCapacitiveSensorHeight,capacitiveSensorHeight,smoothedMeasuredHeight,measuredHeight,seriesTime,time
-3.374194e-08,1.1201415e-09,7.86345e-06,6.1985224e-06,-3.7813997e-08,-3.49672e-08,-3.7813997e-08,-3.49672e-08,4.9103003,0.000100040015
-3.2897308e-08,1.1065525e-09,7.863896e-06,6.198873e-06,-3.6919964e-08,-3.460051e-08,-3.6919964e-08,-3.460051e-08,4.9105,0.00030012004
-3.209015e-08,1.0819043e-09,7.8644725e-06,6.1993283e-06,-3.6023202e-08,-3.434274e-08,-3.6023202e-08,-3.434274e-08,4.9107003,0.0005002001
-3.1400912e-08,1.024068e-09,7.865179e-06,6.1998844e-06,-3.5123712e-08,-3.3844948e-08,-3.5123712e-08,-3.3844948e-08,4.9109,0.0007002801
-3.0513778e-08,1.0199185e-09,7.865998e-06,6.20053e-06,-3.4221493e-08,-3.3276063e-08,-3.4221493e-08,-3.3276063e-08,4.9111004,0.0009003601
-2.9782973e-08,9.720155e-10,7.866881e-06,6.201226e-06,-3.3316546e-08,-3.275161e-08,-3.3316546e-08,-3.275161e-08,4.9113007,0.0011004402
-2.9077968e-08,9.1626445e-10,7.86784e-06,6.201983e-06,-3.240887e-08,-3.198716e-08,-3.240887e-08,-3.198716e-08,4.9115005,0.0013005203
-2.826358e-08,8.9010294e-10,7.868862e-06,6.2027875e-06,-3.1499376e-08,-3.1391593e-08,-3.1499376e-08,-3.1391593e-08,4.9117007,0.0015006003
-2.7432183e-08,8.6761875e-10,7.869992e-06,6.2036784e-06,-3.0586243e-08,-3.09827e-08,-3.0586243e-08,-3.09827e-08,4.9119005,0.0017006802
-2.6774508e-08,7.9684703e-10,7.871192e-06,6.2046247e-06,-2.9671291e-08,-3.0093805e-08,-2.9671291e-08,-3.0093805e-08,4.912101,0.0019007603
-2.6008642e-08,7.5508627e-10,7.87243e-06,6.2056e-06,-2.8753611e-08,-2.9240464e-08,-2.8753611e-08,-2.9240464e-08,4.912301,0.0021008404
-2.5232964e-08,7.155241e-10,7.873648e-06,6.206561e-06,-2.7834112e-08,-2.8236006e-08,-2.7834112e-08,-2.8236006e-08,4.912501,0.0023009204
-2.44544e-08,6.7600525e-10,7.874915e-06,6.207559e-06,-2.6911884e-08,-2.7441933e-08,-2.6911884e-08,-2.7441933e-08,4.912701,0.0025010004
-2.3714408e-08,6.25125e-10,7.876225e-06,6.208592e-06,-2.5986928e-08,-2.678266e-08,-2.5986928e-08,-2.678266e-08,4.912901,0.0027010804
-2.2963164e-08,5.7684013e-10,7.877589e-06,6.2096674e-06,-2.5060153e-08,-2.5911536e-08,-2.5060153e-08,-2.5911536e-08,4.913101,0.0029011604
-2.2134296e-08,5.494074e-10,7.878971e-06,6.2107565e-06,-2.4131559e-08,-2.4928193e-08,-2.4131559e-08,-2.4928193e-08,4.9133015,0.0031012406
-2.1436028e-08,4.852985e-10,7.880333e-06,6.21183e-06,-2.3200236e-08,-2.3958185e-08,-2.3200236e-08,-2.3958185e-08,4.9135013,0.0033013206
-2.0619435e-08,4.5323834e-10,7.881729e-06,6.2129307e-06,-2.2267095e-08,-2.314484e-08,-2.2267095e-08,-2.314484e-08,4.9137015,0.0035014006
-1.9896744e-08,3.9459708e-10,7.883148e-06,6.2140493e-06,-2.1331225e-08,-2.2193724e-08,-2.1331225e-08,-2.2193724e-08,4.9139013,0.0037014806
-1.9116108e-08,3.5139505e-10,7.88457e-06,6.21517e-06,-2.0393536e-08,-2.1038158e-08,-2.0393536e-08,-2.1038158e-08,4.9141016,0.0039015606
-1.818746e-08,3.4840733e-10,7.885973e-06,6.2162762e-06,-1.9454028e-08,-2.0108146e-08,-1.9454028e-08,-2.0108146e-08,4.914302,0.0041016405
-1.7467917e-08,2.8739902e-10,7.887409e-06,6.217408e-06,-1.85127e-08,-1.9448146e-08,-1.85127e-08,-1.9448146e-08,4.9145017,0.0043017208
-1.664129e-08,2.5509714e-10,7.888896e-06,6.21858e-06,-1.7568645e-08,-1.845035e-08,-1.7568645e-08,-1.845035e-08,4.914702,0.0045018005
-1.5896875e-08,1.9992959e-10,7.8903495e-06,6.2197255e-06,-1.662368e-08,-1.7251455e-08,-1.662368e-08,-1.7251455e-08,4.9149017,0.0047018807
-1.5045805e-08,1.7335085e-10,7.891805e-06,6.2208733e-06,-1.5675987e-08,-1.6315813e-08,-1.5675987e-08,-1.6315813e-08,4.915102,0.004901961
-1.4182921e-08,1.4977102e-10,7.8932735e-06,6.2220306e-06,-1.4727385e-08,-1.5495884e-08,-1.4727385e-08,-1.5495884e-08,4.9153023,0.0051020407
-1.3431613e-08,9.474854e-11,7.894765e-06,6.223206e-06,-1.3776053e-08,-1.4582538e-08,-1.3776053e-08,-1.4582538e-08,4.915502,0.005302121
-1.24682895e-08,9.779713e-11,7.896275e-06,6.2243967e-06,-1.2823812e-08,-1.3498087e-08,-1.2823812e-08,-1.3498087e-08,4.9157023,0.0055022007
-1.1708907e-08,4.3995068e-11,7.897747e-06,6.225557e-06,-1.1868843e-08,-1.2364743e-08,-1.1868843e-08,-1.2364743e-08,4.915902,0.005702281
-1.0824532e-08,2.4325647e-11,7.89923e-06,6.2267263e-06,-1.0912964e-08,-1.1551399e-08,-1.0912964e-08,-1.1551399e-08,4.9161024,0.005902361
-9.903744e-09,1.4172675e-11,7.900713e-06,6.2278955e-06,-9.955266e-09,-1.0491385e-08,-9.955266e-09,-1.0491385e-08,4.916302,0.006102441
-8.932801e-09,1.7315462e-11,7.90219e-06,6.229059e-06,-8.995749e-09,-9.424707e-09,-8.995749e-09,-9.424707e-09,4.9165025,0.006302521
-8.185368e-09,-4.1524815e-11,7.903675e-06,6.2302306e-06,-8.034413e-09,-8.429146e-09,-8.034413e-09,-8.429146e-09,4.9167027,0.006502601
-7.251166e-09,-4.92389e-11,7.905151e-06,6.231393e-06,-7.0721673e-09,-7.533586e-09,-7.0721673e-09,-7.533586e-09,4.9169025,0.006702681
-6.391046e-09,-7.783196e-11,7.906643e-06,6.2325694e-06,-6.108103e-09,-6.5357897e-09,-6.108103e-09,-6.5357897e-09,4.917103,0.0069027613
-5.5402065e-09,-1.09478204e-10,7.908139e-06,6.2337485e-06,-5.1422195e-09,-5.466899e-09,-5.1422195e-09,-5.466899e-09,4.9173026,0.007102841
-4.5700883e-09,-1.0856352e-10,7.9096035e-06,6.234903e-06,-4.1754267e-09,-4.2846606e-09,-4.1754267e-09,-4.2846606e-09,4.917503,0.0073029213
-3.6995185e-09,-1.3553289e-10,7.911081e-06,6.236068e-06,-3.2068148e-09,-3.4626797e-09,-3.2068148e-09,-3.4626797e-09,4.917703,0.007503001
-2.8704368e-09,-1.7441525e-10,7.9125575e-06,6.237232e-06,-2.236384e-09,-2.4679758e-09,-2.236384e-09,-2.4679758e-09,4.917903,0.0077030812
-1.9482165e-09,-1.879272e-10,7.914048e-06,6.2384065e-06,-1.2650436e-09,-1.5579624e-09,-1.2650436e-09,-1.5579624e-09,4.918103,0.007903161
-1.0372853e-09,-2.0479471e-10,7.915531e-06,6.2395757e-06,-2.927938e-10,-3.401769e-10,-2.927938e-10,-3.401769e-10,4.918303,0.008103241
-8.4964105e-11,-2.1077706e-10,7.917004e-06,6.2407366e-06,6.8127504e-10,4.44271e-10,6.8127504e-10,4.44271e-10,4.9185033,0.008303321
8.9995694e-10,-2.0804201e-10,7.918493e-06,6.2419103e-06,1.6562534e-09,1.5942824e-09,1.6562534e-09,1.5942824e-09,4.9187036,0.008503402
1.8499818e-09,-2.1540657e-10,7.919961e-06,6.2430677e-06,2.6330507e-09,2.5876299e-09,2.6330507e-09,2.5876299e-09,4.9189034,0.008703481
2.8238354e-09,-2.1646651e-10,7.921425e-06,6.2442214e-06,3.6107575e-09,3.615418e-09,3.6107575e-09,3.615418e-09,4.9191036,0.008903561
3.844862e-09,-2.0480019e-10,7.922909e-06,6.2453914e-06,4.5893738e-09,4.4832e-09,4.5893738e-09,4.4832e-09,4.9193034,0.009103642
4.7144617e-09,-2.3528893e-10,7.924386e-06,6.246556e-06,5.569809e-09,5.615438e-09,5.569809e-09,5.615438e-09,4.9195037,0.009303722
5.7303358e-09,-2.2579065e-10,7.9258725e-06,6.247728e-06,6.551154e-09,6.4243326e-09,6.551154e-09,6.4243326e-09,4.919704,0.009503801
6.6652475e-09,-2.3881364e-10,7.927359e-06,6.2488994e-06,7.533408e-09,7.6065705e-09,7.533408e-09,7.6065705e-09,4.9199038,0.009703881
7.759939e-09,-2.081344e-10,7.928825e-06,6.2500544e-06,8.5165714e-09,8.597618e-09,8.5165714e-09,8.597618e-09,4.920104,0.009903962
8.712827e-09,-2.169633e-10,7.930279e-06,6.251201e-06,9.501554e-09,9.804368e-09,9.501554e-09,9.804368e-09,4.920304,0.010104042
9.7262705e-09,-2.0913427e-10,7.931729e-06,6.2523436e-06,1.0486537e-08,1.0559932e-08,1.0486537e-08,1.0559932e-08,4.920504,0.010304121
1.05705755e-08,-2.483323e-10,7.933201e-06,6.253504e-06,1.1473339e-08,1.15955e-08,1.1473339e-08,1.15955e-08,4.9207044,0.010504202
1.1563225e-08,-2.469738e-10,7.934687e-06,6.254676e-06,1.246105e-08,1.25688375e-08,1.246105e-08,1.25688375e-08,4.920904,0.010704282
1.25208475e-08,-2.555007e-10,7.936124e-06,6.255809e-06,1.3449671e-08,1.3791072e-08,1.3449671e-08,1.3791072e-08,4.9211044,0.0109043615
1.3527482e-08,-2.5079577e-10,7.937607e-06,6.256977e-06,1.4439201e-08,1.4484417e-08,1.4439201e-08,1.4484417e-08,4.921304,0.011104442
1.4624269e-08,-2.2129153e-10,7.939069e-06,6.25813e-06,1.5428732e-08,1.5631096e-08,1.5428732e-08,1.5631096e-08,4.9215045,0.011304522
1.5461797e-08,-2.6360486e-10,7.94053e-06,6.2592812e-06,1.6420081e-08,1.6626657e-08,1.6420081e-08,1.6626657e-08,4.921705,0.011504602
1.6381438e-08,-2.8358033e-10,7.942015e-06,6.260452e-06,1.741234e-08,1.7351113e-08,1.741234e-08,1.7351113e-08,4.9219046,0.011704681
1.7297888e-08,-3.0468394e-10,7.943526e-06,6.261643e-06,1.8405508e-08,1.8524453e-08,1.8405508e-08,1.8524453e-08,4.922105,0.011904762
1.825233e-08,-3.1533712e-10,7.944985e-06,6.2627932e-06,1.9398676e-08,1.9777795e-08,1.9398676e-08,1.9777795e-08,4.9223046,0.012104842
1.9243616e-08,-3.1635464e-10,7.946438e-06,6.2639388e-06,2.0393664e-08,2.0506699e-08,2.0393664e-08,2.0506699e-08,4.922505,0.012304922
2.0046928e-08,-3.690812e-10,7.9479305e-06,6.2651147e-06,2.138865e-08,2.1626317e-08,2.138865e-08,2.1626317e-08,4.922705,0.012505002
2.1108107e-08,-3.5112296e-10,7.949357e-06,6.2662393e-06,2.2384548e-08,2.2912278e-08,2.2384548e-08,2.2912278e-08,4.922905,0.012705082
2.2004826e-08,-3.7865525e-10,7.950795e-06,6.267373e-06,2.3381354e-08,2.3670065e-08,2.3381354e-08,2.3670065e-08,4.9231052,0.012905162
2.2860311e-08,-4.175298e-10,7.95226e-06,6.2685276e-06,2.437816e-08,2.4538954e-08,2.437816e-08,2.4538954e-08,4.923305,0.0131052425
2.3821185e-08,-4.2791423e-10,7.953753e-06,6.269705e-06,2.5376785e-08,2.543675e-08,2.5376785e-08,2.543675e-08,4.9235053,0.013305322
2.47296e-08,-4.5272922e-10,7.95522e-06,6.270861e-06,2.637541e-08,2.6627864e-08,2.637541e-08,2.6627864e-08,4.9237056,0.013505402
2.561326e-08,-4.8460397e-10,7.956674e-06,6.272008e-06,2.7374945e-08,2.7883432e-08,2.7374945e-08,2.7883432e-08,4.9239054,0.013705482
2.6491906e-08,-5.178584e-10,7.95812e-06,6.273147e-06,2.837448e-08,2.8545667e-08,2.837448e-08,2.8545667e-08,4.9241056,0.013905562
2.7366179e-08,-5.5256555e-10,7.959591e-06,6.274307e-06,2.9374924e-08,2.9645678e-08,2.9374924e-08,2.9645678e-08,4.9243054,0.014105642
2.820195e-08,-5.981139e-10,7.961058e-06,6.275463e-06,3.0376277e-08,3.0512354e-08,3.0376277e-08,3.0512354e-08,4.9245057,0.014305722
2.9038716e-08,-6.433885e-10,7.962527e-06,6.2766208e-06,3.137763e-08,3.1689027e-08,3.137763e-08,3.1689027e-08,4.924706,0.014505803
2.994637e-08,-6.694136e-10,7.963978e-06,6.277765e-06,3.2379894e-08,3.2692366e-08,3.2379894e-08,3.2692366e-08,4.924906,0.014705882
3.0750027e-08,-7.24297e-10,7.965434e-06,6.2789127e-06,3.3383067e-08,3.363582e-08,3.3383067e-08,3.363582e-08,4.925106,0.014905962
3.1513203e-08,-7.903144e-10,7.966897e-06,6.280066e-06,3.438624e-08,3.4737948e-08,3.438624e-08,3.4737948e-08,4.925306,0.015106043
3.2377404e-08,-8.285428e-10,7.968328e-06,6.2811937e-06,3.5389412e-08,3.578018e-08,3.5389412e-08,3.578018e-08,4.925506,0.015306123
3.3273718e-08,-8.581884e-10,7.969763e-06,6.282325e-06,3.6393494e-08,3.6762415e-08,3.6393494e-08,3.6762415e-08,4.9257064,0.015506202
3.3992475e-08,-9.369251e-10,7.971201e-06,6.283459e-06,3.7398486e-08,3.767575e-08,3.7398486e-08,3.767575e-08,4.925906,0.015706282
3.6332274e-08,-5.6974614e-10,7.972671e-06,6.2846166e-06,3.8403478e-08,3.8584655e-08,3.8403478e-08,3.8584655e-08,4.9261065,0.015906362
3.718263e-08,-6.122838e-10,7.974138e-06,6.2857735e-06,3.940847e-08,3.9789107e-08,3.940847e-08,3.9789107e-08,4.9263062,0.016106443
3.817433e-08,-6.161898e-10,7.97556e-06,6.286895e-06,4.041437e-08,4.0720224e-08,4.041437e-08,4.0720224e-08,4.9265065,0.016306523
3.9192322e-08,-6.1286404e-10,7.976998e-06,6.288028e-06,4.142027e-08,4.1844682e-08,4.142027e-08,4.1844682e-08,4.926707,0.016506603
4.014138e-08,-6.287504e-10,7.978438e-06,6.289163e-06,4.2427082e-08,4.262914e-08,4.2427082e-08,4.262914e-08,4.9269066,0.016706683
4.0919748e-08,-6.9159084e-10,7.979884e-06,6.290303e-06,4.3433893e-08,4.374915e-08,4.3433893e-08,4.374915e-08,4.927107,0.016906762
4.191117e-08,-6.958237e-10,7.981329e-06,6.2914423e-06,4.4440704e-08,4.4764707e-08,4.4440704e-08,4.4764707e-08,4.9273067,0.017106842
4.279526e-08,-7.2983175e-10,7.982766e-06,6.2925747e-06,4.5448424e-08,4.5693614e-08,4.5448424e-08,4.5693614e-08,4.927507,0.017306922
4.3730637e-08,-7.497323e-10,7.984217e-06,6.2937183e-06,4.6456144e-08,4.6679983e-08,4.6456144e-08,4.6679983e-08,4.927707,0.017507004
4.4501444e-08,-8.151527e-10,7.985671e-06,6.294865e-06,4.7464773e-08,4.7828074e-08,4.7464773e-08,4.7828074e-08,4.927907,0.017707083
4.5536837e-08,-8.075401e-10,7.987075e-06,6.2959716e-06,4.8472494e-08,4.8924754e-08,4.8472494e-08,4.8924754e-08,4.9281073,0.017907163
4.638099e-08,-8.527845e-10,7.9884985e-06,6.297094e-06,4.9481123e-08,4.9740322e-08,4.9481123e-08,4.9740322e-08,4.928307,0.018107243
4.737591e-08,-8.5680574e-10,7.98993e-06,6.298222e-06,5.0490662e-08,5.0820326e-08,5.0490662e-08,5.0820326e-08,4.9285073,0.018307323
4.8258464e-08,-8.9148716e-10,7.991367e-06,6.2993545e-06,5.1499292e-08,5.171034e-08,5.1499292e-08,5.171034e-08,4.9287076,0.018507402
4.913414e-08,-9.2831e-10,7.992814e-06,6.3004954e-06,5.250883e-08,5.2684797e-08,5.250883e-08,5.2684797e-08,4.9289074,0.018707482
5.0037126e-08,-9.576205e-10,7.994278e-06,6.30165e-06,5.351837e-08,5.357035e-08,5.351837e-08,5.357035e-08,4.9291077,0.018907564
5.0920747e-08,-9.922579e-10,7.995736e-06,6.302799e-06,5.452791e-08,5.463259e-08,5.452791e-08,5.463259e-08,4.9293075,0.019107644
5.1789982e-08,-1.0308534e-09,7.997183e-06,6.3039397e-06,5.553745e-08,5.5905932e-08,5.553745e-08,5.5905932e-08,4.9295077,0.019307723
5.270011e-08,-1.0581993e-09,7.998611e-06,6.305065e-06,5.6546988e-08,5.6710387e-08,5.6546988e-08,5.6710387e-08,4.929708,0.019507803
5.367715e-08,-1.0673884e-09,8.000039e-06,6.306191e-06,5.7557436e-08,5.7881504e-08,5.7557436e-08,5.7881504e-08,4.929908,0.019707883
5.476142e-08,-1.0470826e-09,8.00147e-06,6.307319e-06,5.8567885e-08,5.8732557e-08,5.8567885e-08,5.8732557e-08,4.930108,0.019907963
5.611083e-08,-9.538406e-10,8.002886e-06,6.308435e-06,5.9578333e-08,5.996042e-08,5.9578333e-08,5.996042e-08,4.930308,0.020108044
5.7137942e-08,-9.492569e-10,8.004309e-06,6.309557e-06,6.058878e-08,6.0653754e-08,6.058878e-08,6.0653754e-08,4.930508,0.020308124
5.8032246e-08,-9.812057e-10,8.005775e-06,6.3107127e-06,6.159923e-08,6.17471e-08,6.159923e-08,6.17471e-08,4.9307084,0.020508204
5.8935782e-08,-1.0106157e-09,8.007191e-06,6.311829e-06,6.260968e-08,6.283155e-08,6.260968e-08,6.283155e-08,4.930908,0.020708283
5.990167e-08,-1.0231228e-09,8.008629e-06,6.312962e-06,6.362104e-08,6.383601e-08,6.362104e-08,6.383601e-08,4.9311085,0.020908363
6.08605e-08,-1.037323e-09,8.01005e-06,6.314082e-06,6.4631486e-08,6.4822686e-08,6.4631486e-08,6.4822686e-08,4.9313083,0.021108443
6.1822654e-08,-1.050607e-09,8.011481e-06,6.3152106e-06,6.5641935e-08,6.57027e-08,6.5641935e-08,6.57027e-08,4.9315085,0.021308523
6.276306e-08,-1.0701253e-09,8.012917e-06,6.3163416e-06,6.665329e-08,6.680494e-08,6.665329e-08,6.680494e-08,4.931709,0.021508604
6.378399e-08,-1.067491e-09,8.014335e-06,6.31746e-06,6.766465e-08,6.796939e-08,6.766465e-08,6.796939e-08,4.9319086,0.021708684
6.4809186e-08,-1.0634349e-09,8.015748e-06,6.318574e-06,6.86751e-08,6.875161e-08,6.86751e-08,6.875161e-08,4.932109,0.021908764
6.564633e-08,-1.1113573e-09,8.017192e-06,6.3197117e-06,6.968646e-08,6.964941e-08,6.968646e-08,6.964941e-08,4.9323087,0.022108844
6.646908e-08,-1.1629906e-09,8.018638e-06,6.320852e-06,7.0696906e-08,7.087608e-08,7.0696906e-08,7.087608e-08,4.932509,0.022308923
6.732583e-08,-1.2055201e-09,8.020057e-06,6.3219704e-06,7.1708264e-08,7.183191e-08,7.1708264e-08,7.183191e-08,4.932709,0.022509003
6.8217325e-08,-1.2384909e-09,8.021471e-06,6.3230855e-06,7.271962e-08,7.279944e-08,7.271962e-08,7.279944e-08,4.932909,0.022709083
6.925547e-08,-1.230872e-09,8.022925e-06,6.3242305e-06,7.373007e-08,7.378166e-08,7.373007e-08,7.378166e-08,4.9331093,0.022909164
7.012302e-08,-1.2704322e-09,8.024344e-06,6.3253497e-06,7.474143e-08,7.464834e-08,7.474143e-08,7.464834e-08,4.933309,0.023109244
7.0919825e-08,-1.3294519e-09,8.025825e-06,6.326517e-06,7.575279e-08,7.5532796e-08,7.575279e-08,7.5532796e-08,4.9335093,0.023309324
7.179435e-08,-1.3668421e-09,8.027278e-06,6.327663e-06,7.6763236e-08,7.6966145e-08,7.6763236e-08,7.6966145e-08,4.9337096,0.023509404
7.276786e-08,-1.3772521e-09,8.028652e-06,6.3287453e-06,7.7774594e-08,7.808282e-08,7.7774594e-08,7.808282e-08,4.9339094,0.023709483
7.362908e-08,-1.4183025e-09,8.03006e-06,6.3298553e-06,7.878504e-08,7.865949e-08,7.878504e-08,7.865949e-08,4.9341097,0.023909563
7.451743e-08,-1.451889e-09,8.031506e-06,6.3309953e-06,7.979549e-08,7.970506e-08,7.979549e-08,7.970506e-08,4.9343095,0.024109643
7.5404955e-08,-1.4859527e-09,8.032973e-06,6.3321513e-06,8.080685e-08,8.0661735e-08,8.080685e-08,8.0661735e-08,4.9345098,0.024309725
7.63957e-08,-1.4913736e-09,8.034394e-06,6.333272e-06,8.18173e-08,8.200174e-08,8.18173e-08,8.200174e-08,4.93471,0.024509804
7.7948265e-08,-1.3422479e-09,8.035808e-06,6.334386e-06,8.2827746e-08,8.2768416e-08,8.2827746e-08,8.2768416e-08,4.93491,0.024709884
7.944928e-08,-1.2073019e-09,8.03722e-06,6.3354996e-06,8.3838195e-08,8.3957374e-08,8.3838195e-08,8.3957374e-08,4.93511,0.024909964
8.045763e-08,-1.2078786e-09,8.038621e-06,6.3366037e-06,8.4848644e-08,8.509178e-08,8.4848644e-08,8.509178e-08,4.93531,0.025110044
8.143436e-08,-1.217156e-09,8.039988e-06,6.337681e-06,8.585909e-08,8.590956e-08,8.585909e-08,8.590956e-08,4.93551,0.025310123
8.2224524e-08,-1.2775e-09,8.041429e-06,6.3388175e-06,8.686863e-08,8.683847e-08,8.686863e-08,8.683847e-08,4.9357104,0.025510205
8.3128484e-08,-1.306793e-09,8.042851e-06,6.339938e-06,8.787908e-08,8.767625e-08,8.787908e-08,8.767625e-08,4.93591,0.025710285
8.4406224e-08,-1.2330167e-09,8.044282e-06,6.341066e-06,8.888862e-08,8.881404e-08,8.888862e-08,8.881404e-08,4.9361105,0.025910364
8.537782e-08,-1.2437047e-09,8.045716e-06,6.3421967e-06,8.989907e-08,8.9842935e-08,8.989907e-08,8.9842935e-08,4.9363103,0.026110444
8.622337e-08,-1.2888145e-09,8.047137e-06,6.343317e-06,9.090861e-08,9.082517e-08,9.090861e-08,9.082517e-08,4.9365106,0.026310524
8.7050644e-08,-1.3389532e-09,8.048546e-06,6.3444277e-06,9.1918146e-08,9.196295e-08,9.1918146e-08,9.196295e-08,4.936711,0.026510604
8.875783e-08,-1.1470433e-09,8.049927e-06,6.345516e-06,9.2927685e-08,9.308963e-08,9.2927685e-08,9.308963e-08,4.9369106,0.026710683
9.366115e-08,-7.594256e-11,8.051319e-06,6.3466136e-06,9.3937224e-08,9.386742e-08,9.3937224e-08,9.386742e-08,4.937111,0.026910765
9.4682555e-08,-7.242719e-11,8.052741e-06,6.3477337e-06,9.4945854e-08,9.480965e-08,9.4945854e-08,9.480965e-08,4.9373107,0.027110845
9.567266e-08,-7.777293e-11,8.054142e-06,6.3488387e-06,9.595539e-08,9.607633e-08,9.595539e-08,9.607633e-08,4.937511,0.027310925
9.6587364e-08,-1.0361083e-10,8.055511e-06,6.3499174e-06,9.696402e-08,9.7088765e-08,9.696402e-08,9.7088765e-08,4.9377112,0.027511004
9.764715e-08,-8.9539244e-11,8.056895e-06,6.351009e-06,9.797265e-08,9.795302e-08,9.797265e-08,9.795302e-08,4.937911,0.027711084
9.863619e-08,-9.492682e-11,8.05831e-06,6.3521243e-06,9.898128e-08,9.8964136e-08,9.898128e-08,9.8964136e-08,4.9381113,0.027911164
9.968204e-08,-8.468954e-11,8.059706e-06,6.353224e-06,9.998991e-08,9.993748e-08,9.998991e-08,9.993748e-08,4.938311,0.028111244
1.0068102e-07,-8.7092444e-11,8.061102e-06,6.3543243e-06,1.0099763e-07,1.0095526e-07,1.0099763e-07,1.0095526e-07,4.9385114,0.028311325
1.0167439e-07,-9.1292376e-11,8.0624795e-06,6.3554107e-06,1.0200626e-07,1.0203305e-07,1.0200626e-07,1.0203305e-07,4.938711,0.028511405
1.0270182e-07,-8.586961e-11,8.063894e-06,6.356526e-06,1.0301398e-07,1.0285862e-07,1.0301398e-07,1.0285862e-07,4.9389114,0.028711485
1.0368339e-07,-9.306285e-11,8.065307e-06,6.3576394e-06,1.040217e-07,1.0384752e-07,1.040217e-07,1.0384752e-07,4.9391117,0.028911564
1.0466461e-07,-1.00353226e-10,8.066683e-06,6.358724e-06,1.0502942e-07,1.05236424e-07,1.0502942e-07,1.05236424e-07,4.9393115,0.029111644
1.0567176e-07,-1.0050887e-10,8.068068e-06,6.3598163e-06,1.0603714e-07,1.0580865e-07,1.0603714e-07,1.0580865e-07,4.939512,0.029311724
1.0672222e-07,-8.850319e-11,8.069485e-06,6.360933e-06,1.0704395e-07,1.0701866e-07,1.0704395e-07,1.0701866e-07,4.9397116,0.029511806
1.0770469e-07,-9.5446984e-11,8.070851e-06,6.36201e-06,1.0805167e-07,1.0803756e-07,1.0805167e-07,1.0803756e-07,4.939912,0.029711885
1.08652145e-07,-1.1177533e-10,8.072244e-06,6.363108e-06,1.0905848e-07,1.0905299e-07,1.0905848e-07,1.0905299e-07,4.940112,0.029911965
1.0975538e-07,-8.5250286e-11,8.073629e-06,6.3641996e-06,1.10065294e-07,1.1002314e-07,1.10065294e-07,1.1002314e-07,4.940312,0.030112045
1.1074867e-07,-8.871924e-11,8.075027e-06,6.3653015e-06,1.11071195e-07,1.1083648e-07,1.11071195e-07,1.1083648e-07,4.940512,0.030312125
1.1174088e-07,-9.273577e-11,8.076449e-06,6.366423e-06,1.12078006e-07,1.11903155e-07,1.12078006e-07,1.11903155e-07,4.940712,0.030512204
1.12663514e-07,-1.1564198e-10,8.077874e-06,6.3675457e-06,1.1308391e-07,1.12698714e-07,1.1308391e-07,1.12698714e-07,4.9409122,0.030712284
1.137227e-07,-1.0098496e-10,8.079317e-06,6.368683e-06,1.1408981e-07,1.1376095e-07,1.1408981e-07,1.1376095e-07,4.9411125,0.030912366
1.1464083e-07,-1.251296e-10,8.080744e-06,6.3698085e-06,1.1509571e-07,1.1490762e-07,1.1509571e-07,1.1490762e-07,4.9413123,0.031112446
1.1566606e-07,-1.1981041e-10,8.08213e-06,6.3709003e-06,1.1610161e-07,1.1604542e-07,1.1610161e-07,1.1604542e-07,4.9415126,0.031312525
1.1673049e-07,-1.0346013e-10,8.083516e-06,6.3719935e-06,1.171066e-07,1.1701432e-07,1.171066e-07,1.1701432e-07,4.9417124,0.031512607
1.1774758e-07,-1.0038157e-10,8.084899e-06,6.3730827e-06,1.181125e-07,1.17956546e-07,1.181125e-07,1.17956546e-07,4.9419127,0.031712685
1.1871866e-07,-1.09711414e-10,8.086303e-06,6.3741904e-06,1.19117495e-07,1.1891655e-07,1.19117495e-07,1.1891655e-07,4.942113,0.031912766
1.196405e-07,-1.3258444e-10,8.087712e-06,6.3753005e-06,1.2012248e-07,1.1985435e-07,1.2012248e-07,1.1985435e-07,4.9423127,0.032112844
1.2069272e-07,-1.1934226e-10,8.089131e-06,6.3764196e-06,1.2112656e-07,1.2090769e-07,1.2112656e-07,1.2090769e-07,4.942513,0.032312926
1.2188306e-07,-6.835776e-11,8.090556e-06,6.3775424e-06,1.2213155e-07,1.2175595e-07,1.2213155e-07,1.2175595e-07,4.942713,0.032513004
1.228366e-07,-8.226187e-11,8.091974e-06,6.378661e-06,1.2313564e-07,1.2302883e-07,1.2313564e-07,1.2302883e-07,4.942913,0.032713085
1.2391929e-07,-6.063551e-11,8.093377e-06,6.379766e-06,1.2413972e-07,1.2384882e-07,1.2413972e-07,1.2384882e-07,4.9431133,0.032913167
1.2481274e-07,-9.106922e-11,8.094786e-06,6.380877e-06,1.251438e-07,1.2480106e-07,1.251438e-07,1.2480106e-07,4.943313,0.033113245
1.2597278e-07,-4.8171137e-11,8.09622e-06,6.3820075e-06,1.2614788e-07,1.2577885e-07,1.2614788e-07,1.2577885e-07,4.9435134,0.033313327
1.269445e-07,-5.6820906e-11,8.097642e-06,6.383128e-06,1.2715105e-07,1.2696552e-07,1.2715105e-07,1.2696552e-07,4.943713,0.033513404
1.2796598e-07,-5.2037957e-11,8.099005e-06,6.3842026e-06,1.2815514e-07,1.2828777e-07,1.2815514e-07,1.2828777e-07,4.9439135,0.033713486
1.2883682e-07,-8.843849e-11,8.100362e-06,6.385272e-06,1.2915831e-07,1.2897554e-07,1.2915831e-07,1.2897554e-07,4.9441137,0.033913564
1.2990716e-07,-6.995778e-11,8.1017615e-06,6.386376e-06,1.3016148e-07,1.300589e-07,1.3016148e-07,1.300589e-07,4.9443135,0.034113646
1.3096158e-07,-5.561385e-11,8.103128e-06,6.3874527e-06,1.3116374e-07,1.3100778e-07,1.3116374e-07,1.3100778e-07,4.944514,0.034313727
1.3194868e-07,-6.003399e-11,8.10452e-06,6.3885495e-06,1.3216692e-07,1.3190669e-07,1.3216692e-07,1.3190669e-07,4.9447136,0.034513805
1.329455e-07,-6.1531266e-11,8.105944e-06,6.3896723e-06,1.3316918e-07,1.3285891e-07,1.3316918e-07,1.3285891e-07,4.944914,0.034713887
1.3385112e-07,-8.8117715e-11,8.1073385e-06,6.390772e-06,1.3417144e-07,1.3404814e-07,1.3417144e-07,1.3404814e-07,4.945114,0.034913965
1.3496042e-07,-5.8673684e-11,8.1087555e-06,6.3918887e-06,1.351737e-07,1.3487227e-07,1.351737e-07,1.3487227e-07,4.945314,0.035114046
1.3589813e-07,-7.6429404e-11,8.1101225e-06,6.392966e-06,1.3617597e-07,1.3631895e-07,1.3617597e-07,1.3631895e-07,4.945514,0.035314124
1.369748e-07,-5.571227e-11,8.111469e-06,6.3940274e-06,1.3717732e-07,1.3701451e-07,1.3717732e-07,1.3701451e-07,4.945714,0.035514206
1.3792476e-07,-7.0099274e-11,8.112854e-06,6.3951193e-06,1.3817959e-07,1.3804342e-07,1.3817959e-07,1.3804342e-07,4.9459143,0.035714287
1.3896526e-07,-5.9329264e-11,8.114234e-06,6.3962075e-06,1.3918094e-07,1.3900787e-07,1.3918094e-07,1.3900787e-07,4.9461145,0.035914365
1.3997737e-07,-5.6369447e-11,8.115623e-06,6.397302e-06,1.401823e-07,1.3998564e-07,1.401823e-07,1.3998564e-07,4.9463143,0.036114447
1.4093224e-07,-6.9034466e-11,8.117024e-06,6.3984066e-06,1.411832e-07,1.4096344e-07,1.411832e-07,1.4096344e-07,4.9465146,0.036314525
1.419551e-07,-6.311879e-11,8.118384e-06,6.3994785e-06,1.4218455e-07,1.4217011e-07,1.4218455e-07,1.4217011e-07,4.9467144,0.036514606
1.4294316e-07,-6.6649075e-11,8.119767e-06,6.4005685e-06,1.4318545e-07,1.4290124e-07,1.4318545e-07,1.4290124e-07,4.9469147,0.036714684
1.4389975e-07,-7.87136e-11,8.121178e-06,6.4016813e-06,1.4418589e-07,1.4397236e-07,1.4418589e-07,1.4397236e-07,4.947115,0.036914766
1.4496814e-07,-6.002288e-11,8.122572e-06,6.4027795e-06,1.4518633e-07,1.4497459e-07,1.4518633e-07,1.4497459e-07,4.9473147,0.037114847
1.4585052e-07,-9.250039e-11,8.123951e-06,6.4038677e-06,1.4618678e-07,1.4610127e-07,1.4618678e-07,1.4610127e-07,4.947515,0.037314925
1.4693907e-07,-6.8262555e-11,8.125348e-06,6.404968e-06,1.4718722e-07,1.4682396e-07,1.4718722e-07,1.4682396e-07,4.947715,0.037515007
1.4792431e-07,-7.232214e-11,8.126772e-06,6.4060905e-06,1.4818721e-07,1.4789461e-07,1.4818721e-07,1.4789461e-07,4.947915,0.037715085
1.4893332e-07,-6.983683e-11,8.128183e-06,6.407203e-06,1.491872e-07,1.4888684e-07,1.491872e-07,1.4888684e-07,4.9481153,0.037915166
1.4991006e-07,-7.623459e-11,8.1295675e-06,6.408294e-06,1.5018719e-07,1.5017464e-07,1.5018719e-07,1.5017464e-07,4.948315,0.038115244
1.5094732e-07,-6.585953e-11,8.130923e-06,6.4093624e-06,1.5118673e-07,1.5101686e-07,1.5118673e-07,1.5101686e-07,4.9485154,0.038315326
1.5205947e-07,-3.5005325e-11,8.132299e-06,6.4104474e-06,1.5218671e-07,1.5217799e-07,1.5218671e-07,1.5217799e-07,4.948715,0.038515408
1.529249e-07,-7.1769694e-11,8.133659e-06,6.4115197e-06,1.531858e-07,1.5322578e-07,1.531858e-07,1.5322578e-07,4.9489155,0.038715485
1.5386804e-07,-8.7280065e-11,8.135029e-06,6.4125993e-06,1.5418533e-07,1.5392801e-07,1.5418533e-07,1.5392801e-07,4.9491158,0.038915567
1.5489915e-07,-7.8470105e-11,8.13642e-06,6.4136957e-06,1.5518441e-07,1.5512691e-07,1.5518441e-07,1.5512691e-07,4.9493155,0.039115645
1.5595896e-07,-6.176602e-11,8.137768e-06,6.414759e-06,1.5618349e-07,1.5612359e-07,1.5618349e-07,1.5612359e-07,4.949516,0.039315727
1.5695565e-07,-6.242412e-11,8.139138e-06,6.4158385e-06,1.5718257e-07,1.5706027e-07,1.5718257e-07,1.5706027e-07,4.9497156,0.039515804
1.5786392e-07,-8.740033e-11,8.140532e-06,6.4169376e-06,1.5818165e-07,1.5791028e-07,1.5818165e-07,1.5791028e-07,4.949916,0.039715886
1.5889684e-07,-7.796797e-11,8.141934e-06,6.418042e-06,1.5918027e-07,1.5908523e-07,1.5918027e-07,1.5908523e-07,4.950116,0.039915968
1.5994344e-07,-6.477364e-11,8.143291e-06,6.419112e-06,1.601789e-07,1.602103e-07,1.601789e-07,1.602103e-07,4.950316,0.040116046
1.6091053e-07,-7.344723e-11,8.144667e-06,6.4201968e-06,1.6117752e-07,1.6096587e-07,1.6117752e-07,1.6096587e-07,4.950516,0.040316127
1.6185365e-07,-8.85888e-11,8.1460175e-06,6.421261e-06,1.621757e-07,1.6227254e-07,1.621757e-07,1.6227254e-07,4.950716,0.040516205
1.6289785e-07,-7.60525e-11,8.147381e-06,6.422336e-06,1.6317432e-07,1.6305476e-07,1.6317432e-07,1.6305476e-07,4.9509163,0.040716287
1.6389184e-07,-7.720278e-11,8.148736e-06,6.4234046e-06,1.6417249e-07,1.6429034e-07,1.6417249e-07,1.6429034e-07,4.9511166,0.04091637
1.6483273e-07,-9.2962485e-11,8.150088e-06,6.42447e-06,1.6517066e-07,1.6501035e-07,1.6517066e-07,1.6501035e-07,4.9513164,0.041116446
1.6585524e-07,-8.6262816e-11,8.1514845e-06,6.4255705e-06,1.6616883e-07,1.6594369e-07,1.6616883e-07,1.6594369e-07,4.9515166,0.041316528
1.6688924e-07,-7.628271e-11,8.152881e-06,6.426671e-06,1.6716655e-07,1.6702813e-07,1.6716655e-07,1.6702813e-07,4.9517164,0.041516606
1.679556e-07,-5.752554e-11,8.154253e-06,6.427753e-06,1.6816472e-07,1.6801481e-07,1.6816472e-07,1.6801481e-07,4.9519167,0.041716687
1.6893887e-07,-6.150143e-11,8.155636e-06,6.4288433e-06,1.6916243e-07,1.6909928e-07,1.6916243e-07,1.6909928e-07,4.952117,0.041916765
1.6993326e-07,-6.253914e-11,8.157022e-06,6.4299365e-06,1.701606e-07,1.6998817e-07,1.701606e-07,1.6998817e-07,4.9523168,0.042116847
1.708979e-07,-7.163647e-11,8.158404e-06,6.431025e-06,1.7115832e-07,1.7095708e-07,1.7115832e-07,1.7095708e-07,4.952517,0.04231693
1.7192207e-07,-6.42383e-11,8.159818e-06,6.4321403e-06,1.7215558e-07,1.7195713e-07,1.7215558e-07,1.7195713e-07,4.952717,0.042517006
1.7299283e-07,-4.4144178e-11,8.161198e-06,6.4332276e-06,1.731533e-07,1.7323153e-07,1.731533e-07,1.7323153e-07,4.952917,0.042717088
1.7384936e-07,-8.297906e-11,8.16255e-06,6.4342935e-06,1.7415101e-07,1.7399933e-07,1.7415101e-07,1.7399933e-07,4.9531174,0.042917166
1.7492839e-07,-6.0612564e-11,8.163948e-06,6.435396e-06,1.7514873e-07,1.7489266e-07,1.7514873e-07,1.7489266e-07,4.953317,0.043117248
1.7589423e-07,-6.925511e-11,8.16537e-06,6.436516e-06,1.7614599e-07,1.7587267e-07,1.7614599e-07,1.7587267e-07,4.9535174,0.043317325
1.7689072e-07,-6.9467106e-11,8.166746e-06,6.4376004e-06,1.7714325e-07,1.7711268e-07,1.7714325e-07,1.7711268e-07,4.953717,0.043517407
1.7786975e-07,-7.460634e-11,8.168129e-06,6.438691e-06,1.7814097e-07,1.7804936e-07,1.7814097e-07,1.7804936e-07,4.9539175,0.04371749
1.7887014e-07,-7.374771e-11,8.169491e-06,6.4397645e-06,1.7913823e-07,1.7923827e-07,1.7913823e-07,1.7923827e-07,4.954118,0.043917567
1.7984543e-07,-7.979199e-11,8.170836e-06,6.440825e-06,1.8013549e-07,1.8019827e-07,1.8013549e-07,1.8019827e-07,4.9543176,0.04411765
1.8084157e-07,-8.010113e-11,8.172195e-06,6.441896e-06,1.8113275e-07,1.8105716e-07,1.8113275e-07,1.8105716e-07,4.954518,0.044317726
1.8188437e-07,-6.756908e-11,8.173524e-06,6.442944e-06,1.8213001e-07,1.8256941e-07,1.8213001e-07,1.8256941e-07,4.9547176,0.044517808
1.8287561e-07,-6.9229227e-11,8.174826e-06,6.44397e-06,1.8312727e-07,1.8316719e-07,1.8312727e-07,1.8316719e-07,4.954918,0.044717886
1.8383786e-07,-7.8859856e-11,8.176199e-06,6.4450523e-06,1.8412453e-07,1.8408147e-07,1.8412453e-07,1.8408147e-07,4.955118,0.044917967
1.8488676e-07,-6.477906e-11,8.177576e-06,6.4461383e-06,1.8512225e-07,1.8513943e-07,1.8512225e-07,1.8513943e-07,4.955318,0.04511805
1.8587227e-07,-6.801316e-11,8.178927e-06,6.4472024e-06,1.8611951e-07,1.861661e-07,1.8611951e-07,1.861661e-07,4.9555182,0.045318127
1.8681811e-07,-8.215466e-11,8.180286e-06,6.4482742e-06,1.8711677e-07,1.8711722e-07,1.8711677e-07,1.8711722e-07,4.955718,0.04551821
1.8786919e-07,-6.735107e-11,8.18168e-06,6.449373e-06,1.8811403e-07,1.879039e-07,1.8811403e-07,1.879039e-07,4.9559183,0.045718286
1.8891078e-07,-5.5161212e-11,8.183059e-06,6.4504607e-06,1.8911129e-07,1.8915503e-07,1.8911129e-07,1.8915503e-07,4.9561186,0.045918368
1.8977113e-07,-9.281945e-11,8.184425e-06,6.4515366e-06,1.9010855e-07,1.9019949e-07,1.9010855e-07,1.9019949e-07,4.9563184,0.046118446
1.9090108e-07,-5.6320327e-11,8.185788e-06,6.4526107e-06,1.9110581e-07,1.9089504e-07,1.9110581e-07,1.9089504e-07,4.9565187,0.046318527
1.9183284e-07,-7.433601e-11,8.187198e-06,6.453722e-06,1.9210307e-07,1.9208395e-07,1.9210307e-07,1.9208395e-07,4.9567184,0.04651861
1.9293971e-07,-4.418572e-11,8.188562e-06,6.454798e-06,1.9310033e-07,1.9306839e-07,1.9310033e-07,1.9306839e-07,4.9569187,0.046718687
1.9383525e-07,-7.216618e-11,8.18992e-06,6.4558676e-06,1.940976e-07,1.9421284e-07,1.940976e-07,1.9421284e-07,4.957119,0.04691877
1.9481911e-07,-7.598091e-11,8.191274e-06,6.4569354e-06,1.9509531e-07,1.9518176e-07,1.9509531e-07,1.9518176e-07,4.957319,0.047118846
1.9585943e-07,-6.41332e-11,8.192619e-06,6.4579963e-06,1.9609257e-07,1.9622621e-07,1.9609257e-07,1.9622621e-07,4.957519,0.047318928
1.9687968e-07,-5.7935698e-11,8.193982e-06,6.45907e-06,1.9709029e-07,1.9714662e-07,1.9709029e-07,1.9714662e-07,4.957719,0.047519006
1.97824e-07,-7.249992e-11,8.195341e-06,6.460142e-06,1.9808755e-07,1.9807845e-07,1.9808755e-07,1.9807845e-07,4.957919,0.047719087
1.9880937e-07,-7.589302e-11,8.196706e-06,6.461218e-06,1.9908526e-07,1.9915846e-07,1.9908526e-07,1.9915846e-07,4.9581194,0.04791917
1.9975506e-07,-9.020453e-11,8.198046e-06,6.4622736e-06,2.0008298e-07,2.0037625e-07,2.0008298e-07,2.0037625e-07,4.958319,0.048119247
2.0083495e-07,-6.760402e-11,8.199388e-06,6.463332e-06,2.010807e-07,2.0097958e-07,2.010807e-07,2.0097958e-07,4.9585195,0.04831933
2.018479e-07,-6.340985e-11,8.200777e-06,6.464427e-06,2.0207841e-07,2.0204405e-07,2.0207841e-07,2.0204405e-07,4.9587193,0.048519406
2.02879e-07,-5.422887e-11,8.202135e-06,6.465497e-06,2.0307613e-07,2.0319294e-07,2.0307613e-07,2.0319294e-07,4.9589195,0.048719488
2.0386332e-07,-5.7913365e-11,8.2035e-06,6.466573e-06,2.0407384e-07,2.0422296e-07,2.0407384e-07,2.0422296e-07,4.95912,0.048919566
2.047991e-07,-7.507484e-11,8.204849e-06,6.467637e-06,2.0507201e-07,2.0509185e-07,2.0507201e-07,2.0509185e-07,4.9593196,0.049119648
2.0585708e-07,-5.8624536e-11,8.206205e-06,6.4687056e-06,2.0607018e-07,2.0619741e-07,2.0607018e-07,2.0619741e-07,4.95952,0.04931973
2.0681159e-07,-7.050557e-11,8.20759e-06,6.469797e-06,2.070679e-07,2.0695742e-07,2.070679e-07,2.0695742e-07,4.9597197,0.049519807
2.0784013e-07,-6.2276115e-11,8.208949e-06,6.4708684e-06,2.0806652e-07,2.0809743e-07,2.0806652e-07,2.0809743e-07,4.95992,0.04971989
2.088226e-07,-6.6599413e-11,8.210326e-06,6.471954e-06,2.090647e-07,2.0913293e-07,2.090647e-07,2.0913293e-07,4.96012,0.049919967
2.0980207e-07,-7.174234e-11,8.211706e-06,6.473041e-06,2.1006286e-07,2.1006856e-07,2.1006286e-07,2.1006856e-07,4.96032,0.05012005
2.1083443e-07,-6.245992e-11,8.213059e-06,6.474108e-06,2.1106149e-07,2.1128636e-07,2.1106149e-07,2.1128636e-07,4.9605203,0.05032013
2.1182312e-07,-6.5195245e-11,8.214412e-06,6.475175e-06,2.1206012e-07,2.1210414e-07,2.1206012e-07,2.1210414e-07,4.96072,0.050520208
2.128201e-07,-6.564801e-11,8.215799e-06,6.4762685e-06,2.1305874e-07,2.1284193e-07,2.1305874e-07,2.1284193e-07,4.9609203,0.05072029
2.1381268e-07,-6.731049e-11,8.217185e-06,6.4773603e-06,2.1405737e-07,2.1413084e-07,2.1405737e-07,2.1413084e-07,4.9611206,0.050920367
2.147606e-07,-8.125786e-11,8.218545e-06,6.478432e-06,2.1505599e-07,2.1525084e-07,2.1505599e-07,2.1525084e-07,4.9613204,0.05112045
2.1579926e-07,-7.036839e-11,8.219893e-06,6.4794954e-06,2.1605507e-07,2.1619752e-07,2.1605507e-07,2.1619752e-07,4.9615207,0.051320527
2.1677688e-07,-7.6271586e-11,8.221262e-06,6.4805745e-06,2.1705415e-07,2.1702418e-07,2.1705415e-07,2.1702418e-07,4.9617205,0.05152061
2.1774696e-07,-8.425205e-11,8.222611e-06,6.4816377e-06,2.1805323e-07,2.1828198e-07,2.1805323e-07,2.1828198e-07,4.9619207,0.05172069
2.1879809e-07,-7.0055774e-11,8.223953e-06,6.482695e-06,2.1905277e-07,2.1921977e-07,2.1905277e-07,2.1921977e-07,4.9621205,0.051920768
2.1971093e-07,-9.378251e-11,8.22531e-06,6.483765e-06,2.2005185e-07,2.200509e-07,2.2005185e-07,2.200509e-07,4.962321,0.05212085
2.2082425e-07,-6.248231e-11,8.226677e-06,6.4848423e-06,2.2105138e-07,2.2123311e-07,2.2105138e-07,2.2123311e-07,4.962521,0.052320927
2.2181675e-07,-6.454194e-11,8.2279985e-06,6.4858846e-06,2.2205137e-07,2.2233277e-07,2.2205137e-07,2.2233277e-07,4.962721,0.05252101
2.2281155e-07,-6.584503e-11,8.229342e-06,6.4869428e-06,2.230509e-07,2.2338425e-07,2.230509e-07,2.2338425e-07,4.962921,0.052721087
2.2384036e-07,-5.7915974e-11,8.230645e-06,6.487971e-06,2.240509e-07,2.2430982e-07,2.240509e-07,2.2430982e-07,4.963121,0.05292117
2.2476358e-07,-7.90335e-11,8.231976e-06,6.489019e-06,2.2505088e-07,2.2524982e-07,2.2505088e-07,2.2524982e-07,4.963321,0.05312125
2.2576468e-07,-7.8852876e-11,8.233331e-06,6.490088e-06,2.2605133e-07,2.2623762e-07,2.2605133e-07,2.2623762e-07,4.9635215,0.053321328
2.2678789e-07,-7.2466866e-11,8.234625e-06,6.491108e-06,2.2705132e-07,2.2753986e-07,2.2705132e-07,2.2753986e-07,4.9637213,0.05352141
2.2789993e-07,-4.1765015e-11,8.235948e-06,6.4921505e-06,2.2805176e-07,2.2817319e-07,2.2805176e-07,2.2817319e-07,4.9639215,0.053721488
2.2870546e-07,-9.550985e-11,8.237274e-06,6.493196e-06,2.2905266e-07,2.2942987e-07,2.2905266e-07,2.2942987e-07,4.9641213,0.05392157
2.2983103e-07,-6.1090515e-11,8.238618e-06,6.494255e-06,2.300531e-07,2.3001988e-07,2.300531e-07,2.3001988e-07,4.9643216,0.054121647
2.3083652e-07,-5.9828274e-11,8.240013e-06,6.4953547e-06,2.31054e-07,2.3101654e-07,2.31054e-07,2.3101654e-07,4.964522,0.05432173
2.3186617e-07,-5.191694e-11,8.241345e-06,6.4964056e-06,2.320549e-07,2.3246656e-07,2.320549e-07,2.3246656e-07,4.9647217,0.05452181
2.3275867e-07,-8.18647e-11,8.24267e-06,6.49745e-06,2.3305626e-07,2.331199e-07,2.3305626e-07,2.331199e-07,4.964922,0.05472189
2.3382788e-07,-6.319626e-11,8.244072e-06,6.4985543e-06,2.3405761e-07,2.3392931e-07,2.3405761e-07,2.3392931e-07,4.9651217,0.05492197
2.3475842e-07,-8.267585e-11,8.245457e-06,6.499646e-06,2.3505896e-07,2.3504882e-07,2.3505896e-07,2.3504882e-07,4.965322,0.055122048
2.3588814e-07,-4.736478e-11,8.246821e-06,6.500722e-06,2.3606032e-07,2.3621104e-07,2.3606032e-07,2.3621104e-07,4.9655223,0.05532213
2.3670603e-07,-9.7957364e-11,8.248173e-06,6.501787e-06,2.3706212e-07,2.3715772e-07,2.3706212e-07,2.3715772e-07,4.965722,0.055522207
2.3782339e-07,-6.629542e-11,8.2495535e-06,6.5028757e-06,2.3806439e-07,2.380155e-07,2.3806439e-07,2.380155e-07,4.9659224,0.05572229
2.3882697e-07,-6.580588e-11,8.250913e-06,6.5039476e-06,2.390662e-07,2.3916664e-07,2.390662e-07,2.3916664e-07,4.966122,0.05592237
2.3986405e-07,-5.6228e-11,8.25229e-06,6.505033e-06,2.4006846e-07,2.4004885e-07,2.4006846e-07,2.4004885e-07,4.9663224,0.05612245
2.4075408e-07,-8.710304e-11,8.253657e-06,6.50611e-06,2.4107072e-07,2.4112887e-07,2.4107072e-07,2.4112887e-07,4.9665227,0.05632253
2.418255e-07,-6.821167e-11,8.25502e-06,6.5071845e-06,2.4207344e-07,2.4212443e-07,2.4207344e-07,2.4212443e-07,4.9667225,0.056522608
2.4287652e-07,-5.4916356e-11,8.256363e-06,6.508243e-06,2.4307616e-07,2.4330444e-07,2.4307616e-07,2.4330444e-07,4.9669228,0.05672269
2.4378426e-07,-8.104304e-11,8.257692e-06,6.509291e-06,2.4407888e-07,2.4439558e-07,2.4407888e-07,2.4439558e-07,4.9671226,0.056922767
2.4484282e-07,-6.568371e-11,8.259011e-06,6.510331e-06,2.450816e-07,2.4512224e-07,2.450816e-07,2.4512224e-07,4.967323,0.05712285
2.4587038e-07,-5.897793e-11,8.260362e-06,6.5113954e-06,2.4608477e-07,2.4634448e-07,2.4608477e-07,2.4634448e-07,4.967523,0.05732293
2.4684593e-07,-6.67023e-11,8.261662e-06,6.5124204e-06,2.470884e-07,2.4743503e-07,2.470884e-07,2.4743503e-07,4.967723,0.05752301
2.477715e-07,-8.804138e-11,8.262985e-06,6.5134627e-06,2.4809157e-07,2.4831783e-07,2.4809157e-07,2.4831783e-07,4.967923,0.05772309
2.4883747e-07,-7.089847e-11,8.264324e-06,6.5145186e-06,2.490952e-07,2.4912006e-07,2.490952e-07,2.4912006e-07,4.968123,0.057923168
2.4986164e-07,-6.536938e-11,8.265681e-06,6.515588e-06,2.5009928e-07,2.503112e-07,2.5009928e-07,2.503112e-07,4.968323,0.05812325
2.5085455e-07,-6.8319336e-11,8.267023e-06,6.516646e-06,2.511029e-07,2.5115008e-07,2.511029e-07,2.5115008e-07,4.9685235,0.05832333
2.5186904e-07,-6.545915e-11,8.26838e-06,6.517716e-06,2.52107e-07,2.5219452e-07,2.52107e-07,2.5219452e-07,4.9687233,0.05852341
2.5284396e-07,-7.347763e-11,8.269719e-06,6.518771e-06,2.5311107e-07,2.5328788e-07,2.5311107e-07,2.5328788e-07,4.9689236,0.05872349
2.538405e-07,-7.5677145e-11,8.271069e-06,6.519836e-06,2.541156e-07,2.5404677e-07,2.541156e-07,2.5404677e-07,4.9691234,0.05892357
2.5486034e-07,-7.14682e-11,8.272416e-06,6.5208974e-06,2.5512014e-07,2.5543014e-07,2.5512014e-07,2.5543014e-07,4.9693236,0.05912365
2.5596967e-07,-4.264535e-11,8.2737215e-06,6.5219265e-06,2.5612468e-07,2.5633236e-07,2.5612468e-07,2.5633236e-07,4.969524,0.059323728
2.569684e-07,-4.4365872e-11,8.27508e-06,6.5229974e-06,2.5712967e-07,2.5708349e-07,2.5712967e-07,2.5708349e-07,4.9697237,0.05952381
2.578538e-07,-7.7258845e-11,8.276434e-06,6.5240642e-06,2.5813466e-07,2.5822126e-07,2.5813466e-07,2.5822126e-07,4.969924,0.05972389
2.588825e-07,-7.0738145e-11,8.277771e-06,6.5251184e-06,2.5913965e-07,2.5931976e-07,2.5913965e-07,2.5931976e-07,4.970124,0.05992397
2.598429e-07,-8.313481e-11,8.279104e-06,6.5261693e-06,2.601451e-07,2.6024685e-07,2.601451e-07,2.6024685e-07,4.970324,0.06012405
2.608479e-07,-8.3248304e-11,8.280465e-06,6.5272425e-06,2.6115055e-07,2.6107352e-07,2.6115055e-07,2.6107352e-07,4.9705243,0.06032413
2.6185376e-07,-8.314322e-11,8.281818e-06,6.528309e-06,2.62156e-07,2.6232686e-07,2.62156e-07,2.6232686e-07,4.970724,0.06052421
2.628541e-07,-8.45459e-11,8.283132e-06,6.5293443e-06,2.6316144e-07,2.6334908e-07,2.6316144e-07,2.6334908e-07,4.9709244,0.06072429
2.6389577e-07,-7.470128e-11,8.28446e-06,6.530391e-06,2.6416734e-07,2.6420244e-07,2.6416734e-07,2.6420244e-07,4.971124,0.06092437
2.648663e-07,-8.444183e-11,8.285827e-06,6.5314684e-06,2.6517324e-07,2.6512689e-07,2.6517324e-07,2.6512689e-07,4.9713244,0.06112445
2.659214e-07,-7.1032104e-11,8.2871675e-06,6.5325253e-06,2.661796e-07,2.6621134e-07,2.661796e-07,2.6621134e-07,4.9715247,0.06132453
2.66909e-07,-7.605958e-11,8.288518e-06,6.5335903e-06,2.671855e-07,2.6731357e-07,2.671855e-07,2.6731357e-07,4.9717245,0.06152461
2.6795155e-07,-6.6106835e-11,8.289841e-06,6.5346335e-06,2.6819185e-07,2.682647e-07,2.6819185e-07,2.682647e-07,4.971925,0.06172469
2.6892343e-07,-7.558474e-11,8.291178e-06,6.535687e-06,2.691982e-07,2.6921583e-07,2.691982e-07,2.6921583e-07,4.9721246,0.06192477
2.6991367e-07,-8.0146514e-11,8.292509e-06,6.5367362e-06,2.7020502e-07,2.7042472e-07,2.7020502e-07,2.7042472e-07,4.972325,0.06212485
2.709435e-07,-7.368829e-11,8.293841e-06,6.5377862e-06,2.7121138e-07,2.7111807e-07,2.7121138e-07,2.7111807e-07,4.972525,0.06232493
2.719863e-07,-6.3793255e-11,8.295217e-06,6.538871e-06,2.722182e-07,2.7217177e-07,2.722182e-07,2.7217177e-07,4.972725,0.06252501
2.7290798e-07,-8.733291e-11,8.2965225e-06,6.5399e-06,2.7322545e-07,2.7360363e-07,2.7322545e-07,2.7360363e-07,4.972925,0.06272509
2.7394535e-07,-7.892989e-11,8.297826e-06,6.540927e-06,2.7423226e-07,2.7422698e-07,2.7423226e-07,2.7422698e-07,4.973125,0.06292517
2.7498905e-07,-6.878073e-11,8.299155e-06,6.541975e-06,2.7523907e-07,2.7532698e-07,2.7523907e-07,2.7532698e-07,4.9733253,0.06312525
2.7599123e-07,-7.017475e-11,8.300516e-06,6.5430477e-06,2.7624634e-07,2.7609477e-07,2.7624634e-07,2.7609477e-07,4.9735255,0.06332533
2.7704073e-07,-5.855763e-11,8.301836e-06,6.5440886e-06,2.772536e-07,2.77477e-07,2.772536e-07,2.77477e-07,4.9737253,0.06352541
2.779788e-07,-7.7587575e-11,8.303158e-06,6.5451304e-06,2.7826087e-07,2.7820147e-07,2.7826087e-07,2.7820147e-07,4.9739256,0.063725494
2.789861e-07,-7.758203e-11,8.3045115e-06,6.5461973e-06,2.7926814e-07,2.792337e-07,2.7926814e-07,2.792337e-07,4.9741254,0.06392557
2.800078e-07,-7.373543e-11,8.305825e-06,6.5472323e-06,2.8027586e-07,2.804837e-07,2.8027586e-07,2.804837e-07,4.9743257,0.06412565
2.8102022e-07,-7.231929e-11,8.307112e-06,6.548247e-06,2.8128312e-07,2.814626e-07,2.8128312e-07,2.814626e-07,4.974526,0.06432573
2.81977e-07,-8.633378e-11,8.308428e-06,6.5492845e-06,2.8229084e-07,2.8233373e-07,2.8229084e-07,2.8233373e-07,4.9747257,0.06452581
2.8305328e-07,-6.7471605e-11,8.3097575e-06,6.5503323e-06,2.8329856e-07,2.831504e-07,2.8329856e-07,2.831504e-07,4.974926,0.06472589
2.8406964e-07,-6.5092695e-11,8.311106e-06,6.551396e-06,2.8430628e-07,2.8425637e-07,2.8430628e-07,2.8425637e-07,4.975126,0.06492597
2.8503555e-07,-7.659535e-11,8.312439e-06,6.5524464e-06,2.85314e-07,2.853782e-07,2.85314e-07,2.853782e-07,4.975326,0.065126054
2.8598396e-07,-9.291448e-11,8.31377e-06,6.5534955e-06,2.8632172e-07,2.861982e-07,2.8632172e-07,2.861982e-07,4.9755263,0.06532613
2.8706523e-07,-7.267924e-11,8.315093e-06,6.5545382e-06,2.8732944e-07,2.8750043e-07,2.8732944e-07,2.8750043e-07,4.975726,0.06552621
2.8803925e-07,-8.1954166e-11,8.316388e-06,6.555559e-06,2.8833716e-07,2.8838045e-07,2.8833716e-07,2.8838045e-07,4.9759264,0.06572629
2.8910213e-07,-6.677414e-11,8.317713e-06,6.5566037e-06,2.8934488e-07,2.8928935e-07,2.8934488e-07,2.8928935e-07,4.976126,0.06592637
2.900522e-07,-8.262971e-11,8.319037e-06,6.5576473e-06,2.903526e-07,2.9039603e-07,2.903526e-07,2.9039603e-07,4.9763265,0.06612645
2.911987e-07,-4.4593027e-11,8.3203495e-06,6.558682e-06,2.9136078e-07,2.913027e-07,2.9136078e-07,2.913027e-07,4.9765267,0.06632653
2.9203764e-07,-9.101618e-11,8.321687e-06,6.5597364e-06,2.923685e-07,2.9227382e-07,2.923685e-07,2.9227382e-07,4.9767265,0.066526614
2.9317013e-07,-5.669471e-11,8.323002e-06,6.5607724e-06,2.9337622e-07,2.9339384e-07,2.9337622e-07,2.9339384e-07,4.976927,0.06672669
2.9416935e-07,-5.903139e-11,8.324337e-06,6.561825e-06,2.9438394e-07,2.9423163e-07,2.9438394e-07,2.9423163e-07,4.9771266,0.06692677
2.9516386e-07,-6.2661695e-11,8.325661e-06,6.562869e-06,2.9539166e-07,2.953094e-07,2.9539166e-07,2.953094e-07,4.977327,0.06712685
2.9608873e-07,-8.54533e-11,8.3270015e-06,6.5639256e-06,2.9639938e-07,2.9616274e-07,2.9639938e-07,2.9616274e-07,4.977527,0.06732693
2.970784e-07,-9.0295924e-11,8.328367e-06,6.5650015e-06,2.9740664e-07,2.97242e-07,2.9740664e-07,2.97242e-07,4.977727,0.06752701
2.982346e-07,-4.9455186e-11,8.329714e-06,6.5660633e-06,2.9841436e-07,2.9815166e-07,2.9841436e-07,2.9815166e-07,4.977927,0.06772709
2.9919042e-07,-6.360208e-11,8.331052e-06,6.567119e-06,2.9942163e-07,2.9935723e-07,2.9942163e-07,2.9935723e-07,4.978127,0.067927174
3.0013675e-07,-8.0490774e-11,8.332363e-06,6.5681515e-06,3.0042935e-07,3.0051723e-07,3.0042935e-07,3.0051723e-07,4.9783273,0.06812725
3.011805e-07,-7.045203e-11,8.333644e-06,6.569161e-06,3.0143661e-07,3.013328e-07,3.0143661e-07,3.013328e-07,4.9785275,0.06832733
3.021615e-07,-7.755248e-11,8.334971e-06,6.5702075e-06,3.0244342e-07,3.0233838e-07,3.0244342e-07,3.0233838e-07,4.9787273,0.06852741
3.0322886e-07,-6.1023596e-11,8.336304e-06,6.5712584e-06,3.034507e-07,3.0334505e-07,3.034507e-07,3.0334505e-07,4.9789276,0.06872749
3.0413565e-07,-8.8534804e-11,8.337627e-06,6.5723016e-06,3.044575e-07,3.042106e-07,3.044575e-07,3.042106e-07,4.9791274,0.06892757
3.0520494e-07,-7.134806e-11,8.338973e-06,6.573362e-06,3.054643e-07,3.0520616e-07,3.054643e-07,3.0520616e-07,4.9793277,0.06912765
3.062247e-07,-6.778614e-11,8.340319e-06,6.574424e-06,3.0647112e-07,3.0633618e-07,3.0647112e-07,3.0633618e-07,4.979528,0.069327734
3.072409e-07,-6.508071e-11,8.341624e-06,6.5754525e-06,3.0747748e-07,3.073451e-07,3.0747748e-07,3.073451e-07,4.9797277,0.06952781
3.08211e-07,-7.5046455e-11,8.342926e-06,6.576478e-06,3.0848383e-07,3.086351e-07,3.0848383e-07,3.086351e-07,4.979928,0.06972789
3.091738e-07,-8.6908876e-11,8.34422e-06,6.5774984e-06,3.0948974e-07,3.0936414e-07,3.0948974e-07,3.0936414e-07,4.980128,0.06992797
3.1023387e-07,-7.2008594e-11,8.345542e-06,6.5785403e-06,3.1049564e-07,3.10394e-07,3.1049564e-07,3.10394e-07,4.980328,0.07012805
3.1113782e-07,-1.00051724e-10,8.346827e-06,6.5795534e-06,3.1150154e-07,3.1145623e-07,3.1150154e-07,3.1145623e-07,4.9805284,0.07032813
3.121482e-07,-9.869719e-11,8.348131e-06,6.580581e-06,3.1250698e-07,3.1239847e-07,3.1250698e-07,3.1239847e-07,4.980728,0.07052821
3.1316873e-07,-9.455016e-11,8.3494415e-06,6.581614e-06,3.1351243e-07,3.1338513e-07,3.1351243e-07,3.1338513e-07,4.9809284,0.070728295
3.1416812e-07,-9.6087444e-11,8.3507775e-06,6.5826675e-06,3.1451742e-07,3.1426515e-07,3.1451742e-07,3.1426515e-07,4.981128,0.07092837
3.1526272e-07,-7.1310985e-11,8.352101e-06,6.5837107e-06,3.1552196e-07,3.1531405e-07,3.1552196e-07,3.1531405e-07,4.9813285,0.07112845
3.163205e-07,-5.66715e-11,8.353436e-06,6.584763e-06,3.165265e-07,3.1636296e-07,3.165265e-07,3.1636296e-07,4.9815288,0.07132853
3.1723516e-07,-8.126409e-11,8.354749e-06,6.585798e-06,3.1753058e-07,3.173585e-07,3.1753058e-07,3.173585e-07,4.9817286,0.07152861
3.182694e-07,-7.297118e-11,8.356065e-06,6.5868358e-06,3.1853466e-07,3.1831408e-07,3.1853466e-07,3.1831408e-07,4.981929,0.07172869
3.192704e-07,-7.368934e-11,8.357378e-06,6.58787e-06,3.195383e-07,3.194341e-07,3.195383e-07,3.194341e-07,4.9821286,0.07192877
3.20185e-07,-9.805447e-11,8.358661e-06,6.588882e-06,3.2054146e-07,3.205052e-07,3.2054146e-07,3.205052e-07,4.982329,0.072128855
3.212554e-07,-7.943462e-11,8.359958e-06,6.5899044e-06,3.2154418e-07,3.2138522e-07,3.2154418e-07,3.2138522e-07,4.982529,0.07232893
3.222802e-07,-7.336942e-11,8.3612895e-06,6.5909535e-06,3.225469e-07,3.2231333e-07,3.225469e-07,3.2231333e-07,4.982729,0.07252901
3.2327543e-07,-7.5177455e-11,8.36262e-06,6.592002e-06,3.235487e-07,3.2328524e-07,3.235487e-07,3.2328524e-07,4.982929,0.07272909
3.2428338e-07,-7.3484815e-11,8.363931e-06,6.593036e-06,3.245505e-07,3.2453192e-07,3.245505e-07,3.2453192e-07,4.983129,0.07292917
3.2527578e-07,-7.5948914e-11,8.365231e-06,6.5940603e-06,3.2555187e-07,3.2538415e-07,3.2555187e-07,3.2538415e-07,4.9833293,0.07312925
3.262533e-07,-8.2373254e-11,8.366556e-06,6.5951053e-06,3.2655277e-07,3.2629305e-07,3.2655277e-07,3.2629305e-07,4.9835296,0.07332933
3.2730304e-07,-6.881723e-11,8.3678815e-06,6.59615e-06,3.275532e-07,3.2725862e-07,3.275532e-07,3.2725862e-07,4.9837294,0.073529415
3.2823044e-07,-8.878687e-11,8.3692075e-06,6.5971954e-06,3.285532e-07,3.2832196e-07,3.285532e-07,3.2832196e-07,4.9839296,0.07372949
3.292548e-07,-8.195709e-11,8.370531e-06,6.5982385e-06,3.2955273e-07,3.2941975e-07,3.2955273e-07,3.2941975e-07,4.9841294,0.07392957
3.3029977e-07,-6.9334725e-11,8.371831e-06,6.599264e-06,3.305518e-07,3.3039976e-07,3.305518e-07,3.3039976e-07,4.9843297,0.07412965
3.3122325e-07,-8.987812e-11,8.373144e-06,6.600298e-06,3.3154998e-07,3.3143198e-07,3.3154998e-07,3.3143198e-07,4.9845295,0.074329734
3.3225245e-07,-8.133959e-11,8.3744435e-06,6.6013226e-06,3.3254815e-07,3.3238865e-07,3.3254815e-07,3.3238865e-07,4.98473,0.07452981
3.3331028e-07,-6.46817e-11,8.37576e-06,6.602361e-06,3.3354542e-07,3.33342e-07,3.3354542e-07,3.33342e-07,4.98493,0.07472989
3.342461e-07,-8.146263e-11,8.377103e-06,6.603419e-06,3.3454222e-07,3.342047e-07,3.3454222e-07,3.342047e-07,4.98513,0.074929975
3.353041e-07,-6.45007e-11,8.378422e-06,6.6044586e-06,3.3553857e-07,3.3547425e-07,3.3553857e-07,3.3547425e-07,4.98533,0.07513005
3.3618525e-07,-9.594237e-11,8.379735e-06,6.605493e-06,3.3653401e-07,3.3630315e-07,3.3653401e-07,3.3630315e-07,4.98553,0.07533013
3.371734e-07,-9.782524e-11,8.381028e-06,6.606513e-06,3.37529e-07,3.3767873e-07,3.37529e-07,3.3767873e-07,4.98573,0.07553021
3.3828636e-07,-6.511833e-11,8.38229e-06,6.607507e-06,3.3852308e-07,3.3852538e-07,3.3852308e-07,3.3852538e-07,4.9859304,0.075730294
3.392852e-07,-6.3680936e-11,8.383593e-06,6.6085345e-06,3.395167e-07,3.394654e-07,3.395167e-07,3.394654e-07,4.98613,0.07593037
3.4028744e-07,-6.1186105e-11,8.384887e-06,6.609555e-06,3.4050987e-07,3.4042984e-07,3.4050987e-07,3.4042984e-07,4.9863305,0.07613045
3.4124332e-07,-7.119461e-11,8.386181e-06,6.6105754e-06,3.4150213e-07,3.4143875e-07,3.4150213e-07,3.4143875e-07,4.9865303,0.076330535
3.4224016e-07,-6.968857e-11,8.387478e-06,6.611597e-06,3.4249348e-07,3.4253875e-07,3.4249348e-07,3.4253875e-07,4.9867306,0.07653061
3.4319285e-07,-8.0191416e-11,8.388759e-06,6.6126067e-06,3.4348437e-07,3.435721e-07,3.4348437e-07,3.435721e-07,4.986931,0.07673069
3.4422132e-07,-6.960569e-11,8.390026e-06,6.613606e-06,3.4447436e-07,3.4460544e-07,3.4447436e-07,3.4460544e-07,4.9871306,0.07693077
3.451744e-07,-7.950351e-11,8.391328e-06,6.6146326e-06,3.4546343e-07,3.4530325e-07,3.4546343e-07,3.4530325e-07,4.987331,0.077130854
3.462055e-07,-6.769684e-11,8.392618e-06,6.6156485e-06,3.464516e-07,3.4653658e-07,3.464516e-07,3.4653658e-07,4.9875307,0.07733093
3.4714728e-07,-8.021229e-11,8.39393e-06,6.6166835e-06,3.4743886e-07,3.4727205e-07,3.4743886e-07,3.4727205e-07,4.987731,0.07753101
3.4818214e-07,-6.699075e-11,8.395258e-06,6.6177304e-06,3.4842566e-07,3.4855327e-07,3.4842566e-07,3.4855327e-07,4.9879313,0.077731095
3.4919321e-07,-5.993884e-11,8.396515e-06,6.618721e-06,3.494111e-07,3.4955215e-07,3.494111e-07,3.4955215e-07,4.988131,0.07793117
3.5006806e-07,-9.023597e-11,8.397784e-06,6.6197213e-06,3.5039608e-07,3.5072995e-07,3.5039608e-07,3.5072995e-07,4.9883313,0.07813125
3.5113663e-07,-6.6861405e-11,8.399044e-06,6.620715e-06,3.513797e-07,3.5162884e-07,3.513797e-07,3.5162884e-07,4.988531,0.07833133
3.5206205e-07,-8.2623984e-11,8.400332e-06,6.6217294e-06,3.523624e-07,3.524011e-07,3.523624e-07,3.524011e-07,4.9887314,0.078531414
3.5305274e-07,-8.017437e-11,8.401624e-06,6.6227476e-06,3.533442e-07,3.535011e-07,3.533442e-07,3.535011e-07,4.9889317,0.07873149
3.539655e-07,-9.89147e-11,8.402895e-06,6.6237503e-06,3.543251e-07,3.5460778e-07,3.543251e-07,3.5460778e-07,4.9891315,0.07893157
3.550165e-07,-7.938089e-11,8.40418e-06,6.624763e-06,3.5530508e-07,3.5549556e-07,3.5530508e-07,3.5549556e-07,4.9893317,0.079131655
3.5600627e-07,-7.631949e-11,8.405475e-06,6.6257835e-06,3.562837e-07,3.5647224e-07,3.562837e-07,3.5647224e-07,4.9895315,0.07933173
3.568893e-07,-1.0235538e-10,8.406747e-06,6.6267867e-06,3.572614e-07,3.577267e-07,3.572614e-07,3.577267e-07,4.989732,0.07953181
3.579788e-07,-7.1233894e-11,8.407988e-06,6.627765e-06,3.5823774e-07,3.5860558e-07,3.5823774e-07,3.5860558e-07,4.989932,0.07973189
3.5896187e-07,-6.900418e-11,8.409289e-06,6.6287903e-06,3.5921272e-07,3.5933897e-07,3.5921272e-07,3.5933897e-07,4.990132,0.079931974
